source_id,title,provider,catalog_url,tasks,annotation_types,modalities,yolo_readiness,sam3_readiness,license,commercial_use,access,estimated_size,priority,summary,risk_notes,discovery_origin,last_seen_at
rtk:road-traversing-knowledge,Road Traversing Knowledge,Mendeley Data,https://doi.org/10.17632/hssswvmjwf.1,road scene understanding | road damage segmentation,pixel labels | road and damage classes,images,conversion_required,mask_ready,CC BY 4.0,allowed,direct_public,inspect release files before intake,P0,Road-centric segmentation samples for road inspection and promptable mask evaluation.,"Verify the release revision, labels and any visible vehicle or address data before importing.",curated,2026-09-06T07:19:42+00:00
taco:2020,TACO: Trash Annotations in Context,TACO Dataset,https://tacodataset.org/,litter detection | instance segmentation,COCO instance masks | bounding boxes,images,coco_convertible,mask_ready,CC BY 4.0,allowed,direct_public,"about 1,500 images; validate current release manifest",P0,Useful first intake for urban cleanliness and water-edge litter pilots.,"Retain attribution and inspect source images for identifiable people, plates or local restrictions before distribution.",curated,2026-09-06T07:19:42+00:00
coco:2017,COCO 2017,COCO Consortium,https://cocodataset.org/#home,object detection | instance segmentation | keypoints | captioning,COCO JSON boxes | instance polygons | keypoints,images | captions,coco_convertible,mask_ready,Image-level licenses; see COCO terms and image metadata,conditional,direct_public,2017 train/val/test images and annotations,P1,Core benchmark for common-object detection and segmentation conversion tests.,Use the official annotations but validate image-level rights and downstream commercial scope before copying any split.,curated,2026-09-06T07:19:42+00:00
rdd:2022,Road Damage Dataset 2022,CRDDC,https://crddc2022.sekilab.global/,road damage detection,damage bounding boxes,images,conversion_required,box_prompt_convertible,CC BY-SA 4.0 with source-specific street imagery terms,conditional,direct_public,"47,000+ images; intake by country and source",P1,Large road-damage benchmark covering multiple countries and road conditions.,Some imagery sources impose additional restrictions; keep country/source provenance and do not assume uniform commercial rights.,curated,2026-09-06T07:19:42+00:00
deepweeds:1.0,DeepWeeds,DeepWeeds Project,https://github.com/AlexOlsen/DeepWeeds,weed classification | agriculture,image-level classes,images,not_suitable,review_required,CC BY 4.0,allowed,direct_public,"about 17,500 labeled images",P1,Agricultural weed dataset valuable for classification baselines and discovery.,It is not a detection or mask dataset; use only after a task-specific annotation plan is approved.,curated,2026-09-06T07:19:42+00:00
global-wheat:2020,Global Wheat Detection,Global Wheat Challenge,https://www.kaggle.com/competitions/global-wheat-detection/data,wheat head detection | agriculture,bounding boxes,images,conversion_required,box_prompt_convertible,CC BY 4.0; verify the current competition terms,conditional,terms_acceptance_required,"about 3,400 training images",P1,Focused field imagery for crop-counting and small-object detection pilots.,Kaggle acceptance and any current competition terms must be recorded before retrieval.,curated,2026-09-06T07:19:42+00:00
open-images:v7,Open Images V7,Google Open Images,https://storage.googleapis.com/openimages/web/index.html,object detection | instance segmentation | visual relationships,bounding boxes | instance masks | image labels,images,conversion_required,mask_ready,Per-image Creative Commons license and attribution metadata,conditional,direct_public,large-scale; select classes and splits before intake,P1,Broad visual vocabulary suitable for detection and mask evaluation pilots.,Rights and attribution must be evaluated per image; do not bulk mirror before an image-level license filter is implemented.,curated,2026-09-06T07:19:42+00:00
lvis:v1,LVIS v1,LVIS,https://www.lvisdataset.org/,long-tail object detection | instance segmentation,COCO-compatible boxes | instance masks,images,coco_convertible,mask_ready,Annotations under LVIS terms; underlying COCO image rights remain image-level,conditional,direct_public,large COCO-derived annotation set,P1,Long-tail classes complement COCO when benchmark depth matters.,Requires a joint review of LVIS annotation terms and the underlying COCO image licenses.,curated,2026-09-06T07:19:42+00:00
bdd100k:2020,BDD100K,Berkeley DeepDrive,https://bdd-data.berkeley.edu/,driving detection | lane segmentation | tracking,boxes | masks | lanes | tracking labels,images | video,conversion_required,mask_ready,Academic and research dataset terms,research_only,terms_acceptance_required,"100,000 images plus video assets",P2,Rich driving-scene benchmark for internal research comparisons.,Requires acceptance of the provider terms and should remain segregated from commercial inventory.,curated,2026-09-06T07:19:42+00:00
cityscapes:2024,Cityscapes,Cityscapes Dataset,https://www.cityscapes-dataset.com/,urban scene segmentation | detection,semantic masks | instance masks | boxes,images | video,conversion_required,mask_ready,Cityscapes non-commercial dataset license,research_only,registration_required,fine and coarse annotation packages,P2,High-quality urban segmentation benchmark for research evaluation.,Registration and non-commercial constraints preclude automatic production intake.,curated,2026-09-06T07:19:42+00:00
dfire:2022,D-Fire,D-Fire Dataset,https://github.com/gaiasd/DFireDataset,fire detection | smoke detection,bounding boxes,images,conversion_required,box_prompt_convertible,Research-use terms; review upstream license,research_only,direct_public,"about 21,000 images",P2,Smoke and fire benchmark suitable for offline R&D evaluation only.,Do not place in a commercial intake batch until the provider grants suitable rights.,curated,2026-09-06T07:19:42+00:00
dota:v2,DOTA,DOTA Dataset,https://captain-whu.github.io/DOTA/dataset.html,aerial oriented object detection,oriented bounding boxes,remote-sensing images,conversion_required,box_prompt_convertible,Research-use dataset terms,research_only,terms_acceptance_required,large aerial imagery release,P2,Oriented-box benchmark useful for later geospatial perception support.,Requires oriented-box conversion and a separate rights assessment for aerial imagery.,curated,2026-09-06T07:19:42+00:00
mapillary:vistas,Mapillary Vistas,Mapillary,https://www.mapillary.com/dataset/vistas,street-scene semantic segmentation,semantic masks,images,conversion_required,mask_ready,Mapillary dataset license and terms,conditional,terms_acceptance_required,large street-scene corpus,P2,Street-scene segmentation candidate for road and municipal perception research.,"Review current Mapillary terms, geographic privacy rules and redistribution restrictions before retrieval.",curated,2026-09-06T07:19:42+00:00
ade20k:2021,ADE20K,MIT CSAIL,https://groups.csail.mit.edu/vision/datasets/ADE20K/,scene parsing | semantic segmentation,semantic masks | object parts,images,conversion_required,mask_ready,Dataset terms; verify the current release license,unknown,direct_public,"20,000+ annotated images",P2,Scene-parsing benchmark for mask and taxonomy research.,Do not infer commercial rights from public availability; complete a license review first.,curated,2026-09-06T07:19:42+00:00
sh17:safety-helmet,SH17 Safety Helmet Dataset,SH17 Dataset,https://github.com/ahmadmughees/sh17dataset,PPE detection | construction safety,bounding boxes,images,conversion_required,box_prompt_convertible,CC BY-NC-SA 4.0,research_only,direct_public,"about 8,000 images",P2,PPE benchmark for non-commercial baseline comparison.,Non-commercial license excludes marketplace and production reuse without a separate authorization.,curated,2026-09-06T07:19:42+00:00
pascal-voc:2012,PASCAL VOC 2012,University of Oxford,https://host.robots.ox.ac.uk/pascal/VOC/,object detection | semantic segmentation,boxes | segmentation masks,images,conversion_required,mask_ready,PASCAL VOC terms; inspect image sources,unknown,direct_public,small benchmark corpus,P2,Compact benchmark for parser and conversion smoke tests.,Use only after image-source and downstream-use conditions are reviewed.,curated,2026-09-06T07:19:42+00:00
visdrone:2019,VisDrone,VisDrone,https://github.com/VisDrone/VisDrone-Dataset,drone object detection | tracking,bounding boxes | tracking labels,images | video,conversion_required,box_prompt_convertible,Research dataset terms; verify current release license,research_only,direct_public,images and video sequences,P2,Aerial small-object detection reference for drone and infrastructure research.,Separate video/privacy review is required before any copy into platform storage.,curated,2026-09-06T07:19:42+00:00
xview:2018,xView,xView Challenge,https://challenge.xviewdataset.org/,satellite object detection,bounding boxes,satellite imagery,conversion_required,box_prompt_convertible,xView terms and imagery license,conditional,registration_required,large satellite imagery release,P2,Satellite detection benchmark for future land and infrastructure analysis.,"Registration, imagery-use restrictions and possible export controls require review before retrieval.",curated,2026-09-06T07:19:42+00:00
huggingface:abdullahmeda/yolov8-table-detection,abdullahmeda/yolov8-table-detection,Hugging Face Hub,https://huggingface.co/datasets/abdullahmeda/yolov8-table-detection,object-detection,YOLO (directory tag),image or multimodal; inspect dataset card,native_yolo,box_prompt_convertible,not declared in API response,unknown,terms_acceptance_required,inspect dataset card and repository files,P3,"Hugging Face public-directory candidate discovered by query ""yolo"".","Directory tags and license fields are unverified metadata. Review the dataset card, files, upstream rights and personal-data risk before any download.",huggingface-api:yolo,2026-09-06T07:19:42+00:00
huggingface:AdamShih/Marine-Semantic-Segmentation-Training-Dataset,AdamShih/Marine-Semantic-Segmentation-Training-Dataset,Hugging Face Hub,https://huggingface.co/datasets/AdamShih/Marine-Semantic-Segmentation-Training-Dataset,unknown,unknown,image or multimodal; inspect dataset card,review_required,review_required,not declared in API response,unknown,terms_acceptance_required,inspect dataset card and repository files,P3,"Hugging Face public-directory candidate discovered by query ""semantic segmentation"".","Directory tags and license fields are unverified metadata. Review the dataset card, files, upstream rights and personal-data risk before any download.",huggingface-api:semantic segmentation,2026-09-06T07:19:42+00:00
huggingface:adarshxs/voxcpm2-sglang-omni-samples,adarshxs/voxcpm2-sglang-omni-samples,Hugging Face Hub,https://huggingface.co/datasets/adarshxs/voxcpm2-sglang-omni-samples,unknown,unknown,image or multimodal; inspect dataset card,review_required,review_required,apache-2.0,unknown,terms_acceptance_required,inspect dataset card and repository files,P3,"Hugging Face public-directory candidate discovered by query ""sam"".","Directory tags and license fields are unverified metadata. Review the dataset card, files, upstream rights and personal-data risk before any download.",huggingface-api:sam,2026-09-06T07:19:42+00:00
huggingface:afshin-dini/Egg-Instance-Segmentation,afshin-dini/Egg-Instance-Segmentation,Hugging Face Hub,https://huggingface.co/datasets/afshin-dini/Egg-Instance-Segmentation,unknown,unknown,image or multimodal; inspect dataset card,review_required,review_required,mit,unknown,terms_acceptance_required,inspect dataset card and repository files,P3,"Hugging Face public-directory candidate discovered by query ""instance segmentation"".","Directory tags and license fields are unverified metadata. Review the dataset card, files, upstream rights and personal-data risk before any download.",huggingface-api:instance segmentation,2026-09-06T07:19:42+00:00
huggingface:AgamP/YolovCsv,AgamP/YolovCsv,Hugging Face Hub,https://huggingface.co/datasets/AgamP/YolovCsv,unknown,unknown,image or multimodal; inspect dataset card,review_required,review_required,not declared in API response,unknown,terms_acceptance_required,inspect dataset card and repository files,P3,"Hugging Face public-directory candidate discovered by query ""yolo"".","Directory tags and license fields are unverified metadata. Review the dataset card, files, upstream rights and personal-data risk before any download.",huggingface-api:yolo,2026-09-06T07:19:42+00:00
huggingface:ai4bharat/samanantar,ai4bharat/samanantar,Hugging Face Hub,https://huggingface.co/datasets/ai4bharat/samanantar,text-generation | translation,unknown,image or multimodal; inspect dataset card,review_required,review_required,not declared in API response,unknown,terms_acceptance_required,inspect dataset card and repository files,P3,"Hugging Face public-directory candidate discovered by query ""sam"".","Directory tags and license fields are unverified metadata. Review the dataset card, files, upstream rights and personal-data risk before any download.",huggingface-api:sam,2026-09-06T07:19:42+00:00
huggingface:ali-sh07/Phenobench_semantic_segmentation,ali-sh07/Phenobench_semantic_segmentation,Hugging Face Hub,https://huggingface.co/datasets/ali-sh07/Phenobench_semantic_segmentation,unknown,unknown,image or multimodal; inspect dataset card,review_required,review_required,not declared in API response,unknown,terms_acceptance_required,inspect dataset card and repository files,P3,"Hugging Face public-directory candidate discovered by query ""semantic segmentation"".","Directory tags and license fields are unverified metadata. Review the dataset card, files, upstream rights and personal-data risk before any download.",huggingface-api:semantic segmentation,2026-09-06T07:19:42+00:00
huggingface:alimranfakir/yolov8,alimranfakir/yolov8,Hugging Face Hub,https://huggingface.co/datasets/alimranfakir/yolov8,unknown,unknown,image or multimodal; inspect dataset card,review_required,review_required,mit,unknown,terms_acceptance_required,inspect dataset card and repository files,P3,"Hugging Face public-directory candidate discovered by query ""yolo"".","Directory tags and license fields are unverified metadata. Review the dataset card, files, upstream rights and personal-data risk before any download.",huggingface-api:yolo,2026-09-06T07:19:42+00:00
huggingface:AnnalisaAppice/SWIFTT-bark_beetle_detection_semantic_segmentation,AnnalisaAppice/SWIFTT-bark_beetle_detection_semantic_segmentation,Hugging Face Hub,https://huggingface.co/datasets/AnnalisaAppice/SWIFTT-bark_beetle_detection_semantic_segmentation,unknown,segmentation (directory tag),image or multimodal; inspect dataset card,review_required,mask_ready,cc-by-nc-sa-4.0,unknown,terms_acceptance_required,inspect dataset card and repository files,P3,"Hugging Face public-directory candidate discovered by query ""semantic segmentation"".","Directory tags and license fields are unverified metadata. Review the dataset card, files, upstream rights and personal-data risk before any download.",huggingface-api:semantic segmentation,2026-09-06T07:19:42+00:00
huggingface:approximatelabs/tablib-v1-sample,approximatelabs/tablib-v1-sample,Hugging Face Hub,https://huggingface.co/datasets/approximatelabs/tablib-v1-sample,unknown,unknown,image or multimodal; inspect dataset card,review_required,review_required,other,unknown,terms_acceptance_required,inspect dataset card and repository files,P3,"Hugging Face public-directory candidate discovered by query ""sam"".","Directory tags and license fields are unverified metadata. Review the dataset card, files, upstream rights and personal-data risk before any download.",huggingface-api:sam,2026-09-06T07:19:42+00:00
huggingface:archispace/ROI-1555_Rebar_Detection_and_Instance_Segmentation_Dataset,archispace/ROI-1555_Rebar_Detection_and_Instance_Segmentation_Dataset,Hugging Face Hub,https://huggingface.co/datasets/archispace/ROI-1555_Rebar_Detection_and_Instance_Segmentation_Dataset,unknown,unknown,image or multimodal; inspect dataset card,review_required,review_required,not declared in API response,unknown,terms_acceptance_required,inspect dataset card and repository files,P3,"Hugging Face public-directory candidate discovered by query ""instance segmentation"".","Directory tags and license fields are unverified metadata. Review the dataset card, files, upstream rights and personal-data risk before any download.",huggingface-api:instance segmentation,2026-09-06T07:19:42+00:00
huggingface:as-cle-bert/breastcancer-semantic-segmentation,as-cle-bert/breastcancer-semantic-segmentation,Hugging Face Hub,https://huggingface.co/datasets/as-cle-bert/breastcancer-semantic-segmentation,unknown,unknown,image or multimodal; inspect dataset card,review_required,review_required,cc,unknown,terms_acceptance_required,inspect dataset card and repository files,P3,"Hugging Face public-directory candidate discovered by query ""semantic segmentation"".","Directory tags and license fields are unverified metadata. Review the dataset card, files, upstream rights and personal-data risk before any download.",huggingface-api:semantic segmentation,2026-09-06T07:19:42+00:00
huggingface:As-im/Delhi-Canopy-High-Res-Semantic-Segmentation,As-im/Delhi-Canopy-High-Res-Semantic-Segmentation,Hugging Face Hub,https://huggingface.co/datasets/As-im/Delhi-Canopy-High-Res-Semantic-Segmentation,unknown,unknown,image or multimodal; inspect dataset card,review_required,review_required,mit,unknown,terms_acceptance_required,inspect dataset card and repository files,P3,"Hugging Face public-directory candidate discovered by query ""semantic segmentation"".","Directory tags and license fields are unverified metadata. Review the dataset card, files, upstream rights and personal-data risk before any download.",huggingface-api:semantic segmentation,2026-09-06T07:19:42+00:00
huggingface:aspis/car_background_removal_coco_panoptic,aspis/car_background_removal_coco_panoptic,Hugging Face Hub,https://huggingface.co/datasets/aspis/car_background_removal_coco_panoptic,unknown,unknown,image or multimodal; inspect dataset card,review_required,review_required,not declared in API response,unknown,terms_acceptance_required,inspect dataset card and repository files,P3,"Hugging Face public-directory candidate discovered by query ""coco"".","Directory tags and license fields are unverified metadata. Review the dataset card, files, upstream rights and personal-data risk before any download.",huggingface-api:coco,2026-09-06T07:19:42+00:00
huggingface:aspis/car_background_removal_coco_panoptic_test,aspis/car_background_removal_coco_panoptic_test,Hugging Face Hub,https://huggingface.co/datasets/aspis/car_background_removal_coco_panoptic_test,unknown,unknown,image or multimodal; inspect dataset card,review_required,review_required,not declared in API response,unknown,terms_acceptance_required,inspect dataset card and repository files,P3,"Hugging Face public-directory candidate discovered by query ""coco"".","Directory tags and license fields are unverified metadata. Review the dataset card, files, upstream rights and personal-data risk before any download.",huggingface-api:coco,2026-09-06T07:19:42+00:00
huggingface:ATUMUNMOON/Egg-Instance-Segmentation,ATUMUNMOON/Egg-Instance-Segmentation,Hugging Face Hub,https://huggingface.co/datasets/ATUMUNMOON/Egg-Instance-Segmentation,unknown,unknown,image or multimodal; inspect dataset card,review_required,review_required,cc-by-nc-4.0,unknown,terms_acceptance_required,inspect dataset card and repository files,P3,"Hugging Face public-directory candidate discovered by query ""instance segmentation"".","Directory tags and license fields are unverified metadata. Review the dataset card, files, upstream rights and personal-data risk before any download.",huggingface-api:instance segmentation,2026-09-06T07:19:42+00:00
huggingface:autoevaluate/autoeval-eval-autoevaluate__zero-shot-classification-sample-autoevalu-912bbb-1484454284,autoevaluate/autoeval-eval-autoevaluate__zero-shot-classification-sample-autoevalu-912bbb-1484454284,Hugging Face Hub,https://huggingface.co/datasets/autoevaluate/autoeval-eval-autoevaluate__zero-shot-classification-sample-autoevalu-912bbb-1484454284,unknown,unknown,image or multimodal; inspect dataset card,review_required,review_required,not declared in API response,unknown,terms_acceptance_required,inspect dataset card and repository files,P3,"Hugging Face public-directory candidate discovered by query ""sam"".","Directory tags and license fields are unverified metadata. Review the dataset card, files, upstream rights and personal-data risk before any download.",huggingface-api:sam,2026-09-06T07:19:42+00:00
huggingface:beethogedeon/Trucks-Detection-Yolov8,beethogedeon/Trucks-Detection-Yolov8,Hugging Face Hub,https://huggingface.co/datasets/beethogedeon/Trucks-Detection-Yolov8,object-detection,unknown,image or multimodal; inspect dataset card,conversion_required,box_prompt_convertible,cc-by-3.0,unknown,terms_acceptance_required,inspect dataset card and repository files,P3,"Hugging Face public-directory candidate discovered by query ""yolo"".","Directory tags and license fields are unverified metadata. Review the dataset card, files, upstream rights and personal-data risk before any download.",huggingface-api:yolo,2026-09-06T07:19:42+00:00
huggingface:bertin-project/mc4-es-sampled,bertin-project/mc4-es-sampled,Hugging Face Hub,https://huggingface.co/datasets/bertin-project/mc4-es-sampled,fill-mask | text-generation,unknown,image or multimodal; inspect dataset card,review_required,review_required,not declared in API response,unknown,terms_acceptance_required,inspect dataset card and repository files,P3,"Hugging Face public-directory candidate discovered by query ""sam"".","Directory tags and license fields are unverified metadata. Review the dataset card, files, upstream rights and personal-data risk before any download.",huggingface-api:sam,2026-09-06T07:19:42+00:00
huggingface:bertin-project/mc4-sampling,bertin-project/mc4-sampling,Hugging Face Hub,https://huggingface.co/datasets/bertin-project/mc4-sampling,fill-mask | text-generation,unknown,image or multimodal; inspect dataset card,review_required,review_required,not declared in API response,unknown,terms_acceptance_required,inspect dataset card and repository files,P3,"Hugging Face public-directory candidate discovered by query ""sam"".","Directory tags and license fields are unverified metadata. Review the dataset card, files, upstream rights and personal-data risk before any download.",huggingface-api:sam,2026-09-06T07:19:42+00:00
huggingface:BIDJOE/chvg-yolo,BIDJOE/chvg-yolo,Hugging Face Hub,https://huggingface.co/datasets/BIDJOE/chvg-yolo,unknown,unknown,image or multimodal; inspect dataset card,review_required,review_required,not declared in API response,unknown,terms_acceptance_required,inspect dataset card and repository files,P3,"Hugging Face public-directory candidate discovered by query ""yolo"".","Directory tags and license fields are unverified metadata. Review the dataset card, files, upstream rights and personal-data risk before any download.",huggingface-api:yolo,2026-09-06T07:19:42+00:00
huggingface:Bingsu/wider_face_yolo,Bingsu/wider_face_yolo,Hugging Face Hub,https://huggingface.co/datasets/Bingsu/wider_face_yolo,object-detection,unknown,image or multimodal; inspect dataset card,conversion_required,box_prompt_convertible,cc-by-nc-nd-4.0,unknown,terms_acceptance_required,inspect dataset card and repository files,P3,"Hugging Face public-directory candidate discovered by query ""yolo"".","Directory tags and license fields are unverified metadata. Review the dataset card, files, upstream rights and personal-data risk before any download.",huggingface-api:yolo,2026-09-06T07:19:42+00:00
huggingface:bryanbocao/coco_minitrain,bryanbocao/coco_minitrain,Hugging Face Hub,https://huggingface.co/datasets/bryanbocao/coco_minitrain,unknown,unknown,image or multimodal; inspect dataset card,review_required,review_required,cc-by-4.0,unknown,terms_acceptance_required,inspect dataset card and repository files,P3,"Hugging Face public-directory candidate discovered by query ""coco"".","Directory tags and license fields are unverified metadata. Review the dataset card, files, upstream rights and personal-data risk before any download.",huggingface-api:coco,2026-09-06T07:19:42+00:00
huggingface:CanPeh98/InstanceSegmentation,CanPeh98/InstanceSegmentation,Hugging Face Hub,https://huggingface.co/datasets/CanPeh98/InstanceSegmentation,unknown,unknown,image or multimodal; inspect dataset card,review_required,review_required,not declared in API response,unknown,terms_acceptance_required,inspect dataset card and repository files,P3,"Hugging Face public-directory candidate discovered by query ""instance segmentation"".","Directory tags and license fields are unverified metadata. Review the dataset card, files, upstream rights and personal-data risk before any download.",huggingface-api:instance segmentation,2026-09-06T07:19:42+00:00
huggingface:ceram1324/YOLO-GC,ceram1324/YOLO-GC,Hugging Face Hub,https://huggingface.co/datasets/ceram1324/YOLO-GC,unknown,unknown,image or multimodal; inspect dataset card,review_required,review_required,not declared in API response,unknown,terms_acceptance_required,inspect dataset card and repository files,P3,"Hugging Face public-directory candidate discovered by query ""yolo"".","Directory tags and license fields are unverified metadata. Review the dataset card, files, upstream rights and personal-data risk before any download.",huggingface-api:yolo,2026-09-06T07:19:42+00:00
huggingface:chitradrishti/SemanticSegmentation,chitradrishti/SemanticSegmentation,Hugging Face Hub,https://huggingface.co/datasets/chitradrishti/SemanticSegmentation,unknown,unknown,image or multimodal; inspect dataset card,review_required,review_required,not declared in API response,unknown,terms_acceptance_required,inspect dataset card and repository files,P3,"Hugging Face public-directory candidate discovered by query ""semantic segmentation"".","Directory tags and license fields are unverified metadata. Review the dataset card, files, upstream rights and personal-data risk before any download.",huggingface-api:semantic segmentation,2026-09-06T07:19:42+00:00
huggingface:chmanoj/ai4bharat__samanantar_processed_te,chmanoj/ai4bharat__samanantar_processed_te,Hugging Face Hub,https://huggingface.co/datasets/chmanoj/ai4bharat__samanantar_processed_te,unknown,unknown,image or multimodal; inspect dataset card,review_required,review_required,not declared in API response,unknown,terms_acceptance_required,inspect dataset card and repository files,P3,"Hugging Face public-directory candidate discovered by query ""sam"".","Directory tags and license fields are unverified metadata. Review the dataset card, files, upstream rights and personal-data risk before any download.",huggingface-api:sam,2026-09-06T07:19:42+00:00
huggingface:ChristophSchuhmann/MS_COCO_2017_URL_TEXT,ChristophSchuhmann/MS_COCO_2017_URL_TEXT,Hugging Face Hub,https://huggingface.co/datasets/ChristophSchuhmann/MS_COCO_2017_URL_TEXT,unknown,unknown,image or multimodal; inspect dataset card,review_required,review_required,not declared in API response,unknown,terms_acceptance_required,inspect dataset card and repository files,P3,"Hugging Face public-directory candidate discovered by query ""coco"".","Directory tags and license fields are unverified metadata. Review the dataset card, files, upstream rights and personal-data risk before any download.",huggingface-api:coco,2026-09-06T07:19:42+00:00
huggingface:cj-mills/coco-instance-segmentation-toy-dataset,cj-mills/coco-instance-segmentation-toy-dataset,Hugging Face Hub,https://huggingface.co/datasets/cj-mills/coco-instance-segmentation-toy-dataset,unknown,unknown,image or multimodal; inspect dataset card,review_required,review_required,mit,unknown,terms_acceptance_required,inspect dataset card and repository files,P3,"Hugging Face public-directory candidate discovered by query ""instance segmentation"".","Directory tags and license fields are unverified metadata. Review the dataset card, files, upstream rights and personal-data risk before any download.",huggingface-api:instance segmentation,2026-09-06T07:19:42+00:00
huggingface:cj-mills/cvat-instance-segmentation-toy-dataset,cj-mills/cvat-instance-segmentation-toy-dataset,Hugging Face Hub,https://huggingface.co/datasets/cj-mills/cvat-instance-segmentation-toy-dataset,unknown,unknown,image or multimodal; inspect dataset card,review_required,review_required,mit,unknown,terms_acceptance_required,inspect dataset card and repository files,P3,"Hugging Face public-directory candidate discovered by query ""instance segmentation"".","Directory tags and license fields are unverified metadata. Review the dataset card, files, upstream rights and personal-data risk before any download.",huggingface-api:instance segmentation,2026-09-06T07:19:42+00:00
huggingface:cj-mills/labelme-instance-segmentation-toy-dataset,cj-mills/labelme-instance-segmentation-toy-dataset,Hugging Face Hub,https://huggingface.co/datasets/cj-mills/labelme-instance-segmentation-toy-dataset,unknown,unknown,image or multimodal; inspect dataset card,review_required,review_required,mit,unknown,terms_acceptance_required,inspect dataset card and repository files,P3,"Hugging Face public-directory candidate discovered by query ""instance segmentation"".","Directory tags and license fields are unverified metadata. Review the dataset card, files, upstream rights and personal-data risk before any download.",huggingface-api:instance segmentation,2026-09-06T07:19:42+00:00
huggingface:CoconutData/Coconutmortalityrate,CoconutData/Coconutmortalityrate,Hugging Face Hub,https://huggingface.co/datasets/CoconutData/Coconutmortalityrate,unknown,unknown,image or multimodal; inspect dataset card,review_required,review_required,openrail,unknown,terms_acceptance_required,inspect dataset card and repository files,P3,"Hugging Face public-directory candidate discovered by query ""coco"".","Directory tags and license fields are unverified metadata. Review the dataset card, files, upstream rights and personal-data risk before any download.",huggingface-api:coco,2026-09-06T07:19:42+00:00
huggingface:codeur-rapide/images_yolo,codeur-rapide/images_yolo,Hugging Face Hub,https://huggingface.co/datasets/codeur-rapide/images_yolo,unknown,unknown,image or multimodal; inspect dataset card,review_required,review_required,apache-2.0,unknown,terms_acceptance_required,inspect dataset card and repository files,P3,"Hugging Face public-directory candidate discovered by query ""yolo"".","Directory tags and license fields are unverified metadata. Review the dataset card, files, upstream rights and personal-data risk before any download.",huggingface-api:yolo,2026-09-06T07:19:42+00:00
huggingface:comet-team/coco-500,comet-team/coco-500,Hugging Face Hub,https://huggingface.co/datasets/comet-team/coco-500,unknown,unknown,image or multimodal; inspect dataset card,review_required,review_required,not declared in API response,unknown,terms_acceptance_required,inspect dataset card and repository files,P3,"Hugging Face public-directory candidate discovered by query ""coco"".","Directory tags and license fields are unverified metadata. Review the dataset card, files, upstream rights and personal-data risk before any download.",huggingface-api:coco,2026-09-06T07:19:42+00:00
huggingface:correll/semanticsegmentationandposeestimationfromrgbd,correll/semanticsegmentationandposeestimationfromrgbd,Hugging Face Hub,https://huggingface.co/datasets/correll/semanticsegmentationandposeestimationfromrgbd,image-classification | image-segmentation | object-detection,segmentation (directory tag),image or multimodal; inspect dataset card,conversion_required,mask_ready,mit,unknown,terms_acceptance_required,inspect dataset card and repository files,P3,"Hugging Face public-directory candidate discovered by query ""semantic segmentation"".","Directory tags and license fields are unverified metadata. Review the dataset card, files, upstream rights and personal-data risk before any download.",huggingface-api:semantic segmentation,2026-09-06T07:19:42+00:00
huggingface:csmithxc/yoloworld-test,csmithxc/yoloworld-test,Hugging Face Hub,https://huggingface.co/datasets/csmithxc/yoloworld-test,unknown,unknown,image or multimodal; inspect dataset card,review_required,review_required,not declared in API response,unknown,terms_acceptance_required,inspect dataset card and repository files,P3,"Hugging Face public-directory candidate discovered by query ""yolo"".","Directory tags and license fields are unverified metadata. Review the dataset card, files, upstream rights and personal-data risk before any download.",huggingface-api:yolo,2026-09-06T07:19:42+00:00
huggingface:DamarJati/Example-YOLO,DamarJati/Example-YOLO,Hugging Face Hub,https://huggingface.co/datasets/DamarJati/Example-YOLO,unknown,unknown,image or multimodal; inspect dataset card,review_required,review_required,not declared in API response,unknown,terms_acceptance_required,inspect dataset card and repository files,P3,"Hugging Face public-directory candidate discovered by query ""yolo"".","Directory tags and license fields are unverified metadata. Review the dataset card, files, upstream rights and personal-data risk before any download.",huggingface-api:yolo,2026-09-06T07:19:42+00:00
huggingface:DamarJati/face-hands-YOLOv5,DamarJati/face-hands-YOLOv5,Hugging Face Hub,https://huggingface.co/datasets/DamarJati/face-hands-YOLOv5,unknown,unknown,image or multimodal; inspect dataset card,review_required,review_required,not declared in API response,unknown,terms_acceptance_required,inspect dataset card and repository files,P3,"Hugging Face public-directory candidate discovered by query ""yolo"".","Directory tags and license fields are unverified metadata. Review the dataset card, files, upstream rights and personal-data risk before any download.",huggingface-api:yolo,2026-09-06T07:19:42+00:00
huggingface:DarjaCore/algerian-darja-sample,DarjaCore/algerian-darja-sample,Hugging Face Hub,https://huggingface.co/datasets/DarjaCore/algerian-darja-sample,text-generation,unknown,image or multimodal; inspect dataset card,review_required,review_required,mit,unknown,terms_acceptance_required,inspect dataset card and repository files,P3,"Hugging Face public-directory candidate discovered by query ""sam"".","Directory tags and license fields are unverified metadata. Review the dataset card, files, upstream rights and personal-data risk before any download.",huggingface-api:sam,2026-09-06T07:19:42+00:00
huggingface:davanstrien/embellishments-sample,davanstrien/embellishments-sample,Hugging Face Hub,https://huggingface.co/datasets/davanstrien/embellishments-sample,unknown,unknown,image or multimodal; inspect dataset card,review_required,review_required,not declared in API response,unknown,terms_acceptance_required,inspect dataset card and repository files,P3,"Hugging Face public-directory candidate discovered by query ""sam"".","Directory tags and license fields are unverified metadata. Review the dataset card, files, upstream rights and personal-data risk before any download.",huggingface-api:sam,2026-09-06T07:19:42+00:00
huggingface:DeceptionPro/EDR_Telemetry_Sample,DeceptionPro/EDR_Telemetry_Sample,Hugging Face Hub,https://huggingface.co/datasets/DeceptionPro/EDR_Telemetry_Sample,question-answering | sentence-similarity | text-classification | text-generation,unknown,image or multimodal; inspect dataset card,conversion_required,box_prompt_convertible,cc-by-4.0,unknown,terms_acceptance_required,inspect dataset card and repository files,P3,"Hugging Face public-directory candidate discovered by query ""sam"".","Directory tags and license fields are unverified metadata. Review the dataset card, files, upstream rights and personal-data risk before any download.",huggingface-api:sam,2026-09-06T07:19:42+00:00
huggingface:detection-datasets/coco,detection-datasets/coco,Hugging Face Hub,https://huggingface.co/datasets/detection-datasets/coco,object-detection,unknown,image or multimodal; inspect dataset card,conversion_required,box_prompt_convertible,not declared in API response,unknown,terms_acceptance_required,inspect dataset card and repository files,P3,"Hugging Face public-directory candidate discovered by query ""coco"".","Directory tags and license fields are unverified metadata. Review the dataset card, files, upstream rights and personal-data risk before any download.",huggingface-api:coco,2026-09-06T07:19:42+00:00
huggingface:dhvazquez/mtg_synthetic_cards_semantic_segmentation,dhvazquez/mtg_synthetic_cards_semantic_segmentation,Hugging Face Hub,https://huggingface.co/datasets/dhvazquez/mtg_synthetic_cards_semantic_segmentation,image-segmentation,segmentation (directory tag),image or multimodal; inspect dataset card,review_required,mask_ready,mit,unknown,terms_acceptance_required,inspect dataset card and repository files,P3,"Hugging Face public-directory candidate discovered by query ""semantic segmentation"".","Directory tags and license fields are unverified metadata. Review the dataset card, files, upstream rights and personal-data risk before any download.",huggingface-api:semantic segmentation,2026-09-06T07:19:42+00:00
huggingface:Dinusharg/semantic_segmentation_footpath_grass_road_water_v1,Dinusharg/semantic_segmentation_footpath_grass_road_water_v1,Hugging Face Hub,https://huggingface.co/datasets/Dinusharg/semantic_segmentation_footpath_grass_road_water_v1,image-segmentation,segmentation (directory tag),image or multimodal; inspect dataset card,review_required,mask_ready,not declared in API response,unknown,terms_acceptance_required,inspect dataset card and repository files,P3,"Hugging Face public-directory candidate discovered by query ""semantic segmentation"".","Directory tags and license fields are unverified metadata. Review the dataset card, files, upstream rights and personal-data risk before any download.",huggingface-api:semantic segmentation,2026-09-06T07:19:42+00:00
huggingface:dnnslnk/Semantic_Segmentation_Screws,dnnslnk/Semantic_Segmentation_Screws,Hugging Face Hub,https://huggingface.co/datasets/dnnslnk/Semantic_Segmentation_Screws,unknown,unknown,image or multimodal; inspect dataset card,review_required,review_required,not declared in API response,unknown,terms_acceptance_required,inspect dataset card and repository files,P3,"Hugging Face public-directory candidate discovered by query ""semantic segmentation"".","Directory tags and license fields are unverified metadata. Review the dataset card, files, upstream rights and personal-data risk before any download.",huggingface-api:semantic segmentation,2026-09-06T07:19:42+00:00
huggingface:dwb2023/brain-tumor-image-dataset-semantic-segmentation,dwb2023/brain-tumor-image-dataset-semantic-segmentation,Hugging Face Hub,https://huggingface.co/datasets/dwb2023/brain-tumor-image-dataset-semantic-segmentation,unknown,unknown,image or multimodal; inspect dataset card,review_required,review_required,not declared in API response,unknown,terms_acceptance_required,inspect dataset card and repository files,P3,"Hugging Face public-directory candidate discovered by query ""semantic segmentation"".","Directory tags and license fields are unverified metadata. Review the dataset card, files, upstream rights and personal-data risk before any download.",huggingface-api:semantic segmentation,2026-09-06T07:19:42+00:00
huggingface:dylangirrens/semantic-segmentation-dataset,dylangirrens/semantic-segmentation-dataset,Hugging Face Hub,https://huggingface.co/datasets/dylangirrens/semantic-segmentation-dataset,unknown,unknown,image or multimodal; inspect dataset card,review_required,review_required,not declared in API response,unknown,terms_acceptance_required,inspect dataset card and repository files,P3,"Hugging Face public-directory candidate discovered by query ""semantic segmentation"".","Directory tags and license fields are unverified metadata. Review the dataset card, files, upstream rights and personal-data risk before any download.",huggingface-api:semantic segmentation,2026-09-06T07:19:42+00:00
huggingface:embedding-data/coco_captions_quintets,embedding-data/coco_captions_quintets,Hugging Face Hub,https://huggingface.co/datasets/embedding-data/coco_captions_quintets,sentence-similarity,unknown,image or multimodal; inspect dataset card,review_required,review_required,mit,unknown,terms_acceptance_required,inspect dataset card and repository files,P3,"Hugging Face public-directory candidate discovered by query ""coco"".","Directory tags and license fields are unverified metadata. Review the dataset card, files, upstream rights and personal-data risk before any download.",huggingface-api:coco,2026-09-06T07:19:42+00:00
huggingface:enterprise-explorers/coco-semantic-segmentation,enterprise-explorers/coco-semantic-segmentation,Hugging Face Hub,https://huggingface.co/datasets/enterprise-explorers/coco-semantic-segmentation,unknown,unknown,image or multimodal; inspect dataset card,review_required,review_required,cc-by-4.0,unknown,terms_acceptance_required,inspect dataset card and repository files,P3,"Hugging Face public-directory candidate discovered by query ""semantic segmentation"".","Directory tags and license fields are unverified metadata. Review the dataset card, files, upstream rights and personal-data risk before any download.",huggingface-api:semantic segmentation,2026-09-06T07:19:42+00:00
huggingface:EpicPinkPenguin/cmu_panoptic_dataset_instance_segmentation_mask,EpicPinkPenguin/cmu_panoptic_dataset_instance_segmentation_mask,Hugging Face Hub,https://huggingface.co/datasets/EpicPinkPenguin/cmu_panoptic_dataset_instance_segmentation_mask,unknown,segmentation (directory tag),image or multimodal; inspect dataset card,review_required,mask_ready,other,unknown,terms_acceptance_required,inspect dataset card and repository files,P3,"Hugging Face public-directory candidate discovered by query ""instance segmentation"".","Directory tags and license fields are unverified metadata. Review the dataset card, files, upstream rights and personal-data risk before any download.",huggingface-api:instance segmentation,2026-09-06T07:19:42+00:00
huggingface:EssentialAI/eai-taxonomy-stem-w-dclm-100b-sample,EssentialAI/eai-taxonomy-stem-w-dclm-100b-sample,Hugging Face Hub,https://huggingface.co/datasets/EssentialAI/eai-taxonomy-stem-w-dclm-100b-sample,unknown,unknown,image or multimodal; inspect dataset card,review_required,review_required,odc-by,unknown,terms_acceptance_required,inspect dataset card and repository files,P3,"Hugging Face public-directory candidate discovered by query ""sam"".","Directory tags and license fields are unverified metadata. Review the dataset card, files, upstream rights and personal-data risk before any download.",huggingface-api:sam,2026-09-06T07:19:42+00:00
huggingface:etaylor/trichomes_moment_lens_instance_segmentation,etaylor/trichomes_moment_lens_instance_segmentation,Hugging Face Hub,https://huggingface.co/datasets/etaylor/trichomes_moment_lens_instance_segmentation,unknown,unknown,image or multimodal; inspect dataset card,review_required,review_required,not declared in API response,unknown,terms_acceptance_required,inspect dataset card and repository files,P3,"Hugging Face public-directory candidate discovered by query ""instance segmentation"".","Directory tags and license fields are unverified metadata. Review the dataset card, files, upstream rights and personal-data risk before any download.",huggingface-api:instance segmentation,2026-09-06T07:19:42+00:00
huggingface:eto-ai/coco,eto-ai/coco,Hugging Face Hub,https://huggingface.co/datasets/eto-ai/coco,object-detection,unknown,image or multimodal; inspect dataset card,conversion_required,box_prompt_convertible,not declared in API response,unknown,terms_acceptance_required,inspect dataset card and repository files,P3,"Hugging Face public-directory candidate discovered by query ""coco"".","Directory tags and license fields are unverified metadata. Review the dataset card, files, upstream rights and personal-data risk before any download.",huggingface-api:coco,2026-09-06T07:19:42+00:00
huggingface:fcakyon/crack-instance-segmentation,fcakyon/crack-instance-segmentation,Hugging Face Hub,https://huggingface.co/datasets/fcakyon/crack-instance-segmentation,image-segmentation,segmentation (directory tag),image or multimodal; inspect dataset card,review_required,mask_ready,not declared in API response,unknown,terms_acceptance_required,inspect dataset card and repository files,P3,"Hugging Face public-directory candidate discovered by query ""instance segmentation"".","Directory tags and license fields are unverified metadata. Review the dataset card, files, upstream rights and personal-data risk before any download.",huggingface-api:instance segmentation,2026-09-06T07:19:42+00:00
huggingface:foduucom/table-detection-yolo,foduucom/table-detection-yolo,Hugging Face Hub,https://huggingface.co/datasets/foduucom/table-detection-yolo,object-detection,unknown,image or multimodal; inspect dataset card,conversion_required,box_prompt_convertible,not declared in API response,unknown,terms_acceptance_required,inspect dataset card and repository files,P3,"Hugging Face public-directory candidate discovered by query ""yolo"".","Directory tags and license fields are unverified metadata. Review the dataset card, files, upstream rights and personal-data risk before any download.",huggingface-api:yolo,2026-09-06T07:19:42+00:00
huggingface:FormDesignLabs/Aesthetic3D_Sample_Part1,FormDesignLabs/Aesthetic3D_Sample_Part1,Hugging Face Hub,https://huggingface.co/datasets/FormDesignLabs/Aesthetic3D_Sample_Part1,unknown,unknown,image or multimodal; inspect dataset card,review_required,review_required,not declared in API response,unknown,terms_acceptance_required,inspect dataset card and repository files,P3,"Hugging Face public-directory candidate discovered by query ""sam"".","Directory tags and license fields are unverified metadata. Review the dataset card, files, upstream rights and personal-data risk before any download.",huggingface-api:sam,2026-09-06T07:19:42+00:00
huggingface:Growing-Moss-Data/automotive-service-intelligence-sample,Growing-Moss-Data/automotive-service-intelligence-sample,Hugging Face Hub,https://huggingface.co/datasets/Growing-Moss-Data/automotive-service-intelligence-sample,tabular-classification | tabular-regression | time-series-forecasting,unknown,image or multimodal; inspect dataset card,review_required,review_required,other,unknown,terms_acceptance_required,inspect dataset card and repository files,P3,"Hugging Face public-directory candidate discovered by query ""sam"".","Directory tags and license fields are unverified metadata. Review the dataset card, files, upstream rights and personal-data risk before any download.",huggingface-api:sam,2026-09-06T07:19:42+00:00
huggingface:GWHS/sample_dataset,GWHS/sample_dataset,Hugging Face Hub,https://huggingface.co/datasets/GWHS/sample_dataset,unknown,unknown,image or multimodal; inspect dataset card,review_required,review_required,not declared in API response,unknown,terms_acceptance_required,inspect dataset card and repository files,P3,"Hugging Face public-directory candidate discovered by query ""sam"".","Directory tags and license fields are unverified metadata. Review the dataset card, files, upstream rights and personal-data risk before any download.",huggingface-api:sam,2026-09-06T07:19:42+00:00
huggingface:gymprathap/Semantic-Segmentation-Aerial-Imagery-Dataset,gymprathap/Semantic-Segmentation-Aerial-Imagery-Dataset,Hugging Face Hub,https://huggingface.co/datasets/gymprathap/Semantic-Segmentation-Aerial-Imagery-Dataset,feature-extraction,unknown,image or multimodal; inspect dataset card,review_required,review_required,cc-by-4.0,unknown,terms_acceptance_required,inspect dataset card and repository files,P3,"Hugging Face public-directory candidate discovered by query ""semantic segmentation"".","Directory tags and license fields are unverified metadata. Review the dataset card, files, upstream rights and personal-data risk before any download.",huggingface-api:semantic segmentation,2026-09-06T07:19:42+00:00
huggingface:h4iku/coconut_c2005,h4iku/coconut_c2005,Hugging Face Hub,https://huggingface.co/datasets/h4iku/coconut_c2005,unknown,unknown,image or multimodal; inspect dataset card,review_required,review_required,not declared in API response,unknown,terms_acceptance_required,inspect dataset card and repository files,P3,"Hugging Face public-directory candidate discovered by query ""coco"".","Directory tags and license fields are unverified metadata. Review the dataset card, files, upstream rights and personal-data risk before any download.",huggingface-api:coco,2026-09-06T07:19:42+00:00
huggingface:h4iku/coconut_c2005_preprocessed,h4iku/coconut_c2005_preprocessed,Hugging Face Hub,https://huggingface.co/datasets/h4iku/coconut_c2005_preprocessed,unknown,unknown,image or multimodal; inspect dataset card,review_required,review_required,not declared in API response,unknown,terms_acceptance_required,inspect dataset card and repository files,P3,"Hugging Face public-directory candidate discovered by query ""coco"".","Directory tags and license fields are unverified metadata. Review the dataset card, files, upstream rights and personal-data risk before any download.",huggingface-api:coco,2026-09-06T07:19:42+00:00
huggingface:h4iku/coconut_java2006,h4iku/coconut_java2006,Hugging Face Hub,https://huggingface.co/datasets/h4iku/coconut_java2006,unknown,unknown,image or multimodal; inspect dataset card,review_required,review_required,not declared in API response,unknown,terms_acceptance_required,inspect dataset card and repository files,P3,"Hugging Face public-directory candidate discovered by query ""coco"".","Directory tags and license fields are unverified metadata. Review the dataset card, files, upstream rights and personal-data risk before any download.",huggingface-api:coco,2026-09-06T07:19:42+00:00
huggingface:h4iku/coconut_java2006_preprocessed,h4iku/coconut_java2006_preprocessed,Hugging Face Hub,https://huggingface.co/datasets/h4iku/coconut_java2006_preprocessed,unknown,unknown,image or multimodal; inspect dataset card,review_required,review_required,not declared in API response,unknown,terms_acceptance_required,inspect dataset card and repository files,P3,"Hugging Face public-directory candidate discovered by query ""coco"".","Directory tags and license fields are unverified metadata. Review the dataset card, files, upstream rights and personal-data risk before any download.",huggingface-api:coco,2026-09-06T07:19:42+00:00
huggingface:h4iku/coconut_javascript2010,h4iku/coconut_javascript2010,Hugging Face Hub,https://huggingface.co/datasets/h4iku/coconut_javascript2010,unknown,unknown,image or multimodal; inspect dataset card,review_required,review_required,not declared in API response,unknown,terms_acceptance_required,inspect dataset card and repository files,P3,"Hugging Face public-directory candidate discovered by query ""coco"".","Directory tags and license fields are unverified metadata. Review the dataset card, files, upstream rights and personal-data risk before any download.",huggingface-api:coco,2026-09-06T07:19:42+00:00
huggingface:h4iku/coconut_javascript2010_preprocessed,h4iku/coconut_javascript2010_preprocessed,Hugging Face Hub,https://huggingface.co/datasets/h4iku/coconut_javascript2010_preprocessed,unknown,unknown,image or multimodal; inspect dataset card,review_required,review_required,not declared in API response,unknown,terms_acceptance_required,inspect dataset card and repository files,P3,"Hugging Face public-directory candidate discovered by query ""coco"".","Directory tags and license fields are unverified metadata. Review the dataset card, files, upstream rights and personal-data risk before any download.",huggingface-api:coco,2026-09-06T07:19:42+00:00
huggingface:h4iku/coconut_python2010,h4iku/coconut_python2010,Hugging Face Hub,https://huggingface.co/datasets/h4iku/coconut_python2010,unknown,unknown,image or multimodal; inspect dataset card,review_required,review_required,not declared in API response,unknown,terms_acceptance_required,inspect dataset card and repository files,P3,"Hugging Face public-directory candidate discovered by query ""coco"".","Directory tags and license fields are unverified metadata. Review the dataset card, files, upstream rights and personal-data risk before any download.",huggingface-api:coco,2026-09-06T07:19:42+00:00
huggingface:h4iku/coconut_python2010_preprocessed,h4iku/coconut_python2010_preprocessed,Hugging Face Hub,https://huggingface.co/datasets/h4iku/coconut_python2010_preprocessed,unknown,unknown,image or multimodal; inspect dataset card,review_required,review_required,not declared in API response,unknown,terms_acceptance_required,inspect dataset card and repository files,P3,"Hugging Face public-directory candidate discovered by query ""coco"".","Directory tags and license fields are unverified metadata. Review the dataset card, files, upstream rights and personal-data risk before any download.",huggingface-api:coco,2026-09-06T07:19:42+00:00
huggingface:hamnaanaa/Duckietown-Multiclass-Semantic-Segmentation-Dataset,hamnaanaa/Duckietown-Multiclass-Semantic-Segmentation-Dataset,Hugging Face Hub,https://huggingface.co/datasets/hamnaanaa/Duckietown-Multiclass-Semantic-Segmentation-Dataset,image-segmentation,segmentation (directory tag),image or multimodal; inspect dataset card,review_required,mask_ready,openrail,unknown,terms_acceptance_required,inspect dataset card and repository files,P3,"Hugging Face public-directory candidate discovered by query ""semantic segmentation"".","Directory tags and license fields are unverified metadata. Review the dataset card, files, upstream rights and personal-data risk before any download.",huggingface-api:semantic segmentation,2026-09-06T07:19:42+00:00
huggingface:haqi001/VALORANT_destection_head_body_yolo,haqi001/VALORANT_destection_head_body_yolo,Hugging Face Hub,https://huggingface.co/datasets/haqi001/VALORANT_destection_head_body_yolo,unknown,unknown,image or multimodal; inspect dataset card,review_required,review_required,not declared in API response,unknown,terms_acceptance_required,inspect dataset card and repository files,P3,"Hugging Face public-directory candidate discovered by query ""yolo"".","Directory tags and license fields are unverified metadata. Review the dataset card, files, upstream rights and personal-data risk before any download.",huggingface-api:yolo,2026-09-06T07:19:42+00:00
huggingface:HenryYHW/DriveDNA-Sample,HenryYHW/DriveDNA-Sample,Hugging Face Hub,https://huggingface.co/datasets/HenryYHW/DriveDNA-Sample,other | time-series-forecasting,unknown,image or multimodal; inspect dataset card,review_required,review_required,other,unknown,terms_acceptance_required,inspect dataset card and repository files,P3,"Hugging Face public-directory candidate discovered by query ""sam"".","Directory tags and license fields are unverified metadata. Review the dataset card, files, upstream rights and personal-data risk before any download.",huggingface-api:sam,2026-09-06T07:19:42+00:00
huggingface:hf-internal-testing/cats_vs_dogs_sample,hf-internal-testing/cats_vs_dogs_sample,Hugging Face Hub,https://huggingface.co/datasets/hf-internal-testing/cats_vs_dogs_sample,unknown,unknown,image or multimodal; inspect dataset card,review_required,review_required,not declared in API response,unknown,terms_acceptance_required,inspect dataset card and repository files,P3,"Hugging Face public-directory candidate discovered by query ""sam"".","Directory tags and license fields are unverified metadata. Review the dataset card, files, upstream rights and personal-data risk before any download.",huggingface-api:sam,2026-09-06T07:19:42+00:00
huggingface:hmnshudhmn24/minecraft-mobs-yolo-dataset,hmnshudhmn24/minecraft-mobs-yolo-dataset,Hugging Face Hub,https://huggingface.co/datasets/hmnshudhmn24/minecraft-mobs-yolo-dataset,object-detection,YOLO (directory tag),image or multimodal; inspect dataset card,native_yolo,box_prompt_convertible,cc-by-4.0,unknown,terms_acceptance_required,inspect dataset card and repository files,P3,"Hugging Face public-directory candidate discovered by query ""yolo"".","Directory tags and license fields are unverified metadata. Review the dataset card, files, upstream rights and personal-data risk before any download.",huggingface-api:yolo,2026-09-06T07:19:42+00:00
huggingface:Hoi0624/yolov1_dataset,Hoi0624/yolov1_dataset,Hugging Face Hub,https://huggingface.co/datasets/Hoi0624/yolov1_dataset,unknown,unknown,image or multimodal; inspect dataset card,review_required,review_required,not declared in API response,unknown,terms_acceptance_required,inspect dataset card and repository files,P3,"Hugging Face public-directory candidate discovered by query ""yolo"".","Directory tags and license fields are unverified metadata. Review the dataset card, files, upstream rights and personal-data risk before any download.",huggingface-api:yolo,2026-09-06T07:19:42+00:00
huggingface:HoioH/yolov1_dataset,HoioH/yolov1_dataset,Hugging Face Hub,https://huggingface.co/datasets/HoioH/yolov1_dataset,unknown,unknown,image or multimodal; inspect dataset card,review_required,review_required,not declared in API response,unknown,terms_acceptance_required,inspect dataset card and repository files,P3,"Hugging Face public-directory candidate discovered by query ""yolo"".","Directory tags and license fields are unverified metadata. Review the dataset card, files, upstream rights and personal-data risk before any download.",huggingface-api:yolo,2026-09-06T07:19:42+00:00
huggingface:huggingartists/cocomelon,huggingartists/cocomelon,Hugging Face Hub,https://huggingface.co/datasets/huggingartists/cocomelon,unknown,unknown,image or multimodal; inspect dataset card,review_required,review_required,not declared in API response,unknown,terms_acceptance_required,inspect dataset card and repository files,P3,"Hugging Face public-directory candidate discovered by query ""coco"".","Directory tags and license fields are unverified metadata. Review the dataset card, files, upstream rights and personal-data risk before any download.",huggingface-api:coco,2026-09-06T07:19:42+00:00
huggingface:huggingartists/john-k-samson,huggingartists/john-k-samson,Hugging Face Hub,https://huggingface.co/datasets/huggingartists/john-k-samson,unknown,unknown,image or multimodal; inspect dataset card,review_required,review_required,not declared in API response,unknown,terms_acceptance_required,inspect dataset card and repository files,P3,"Hugging Face public-directory candidate discovered by query ""sam"".","Directory tags and license fields are unverified metadata. Review the dataset card, files, upstream rights and personal-data risk before any download.",huggingface-api:sam,2026-09-06T07:19:42+00:00
huggingface:huggingartists/sam-kim,huggingartists/sam-kim,Hugging Face Hub,https://huggingface.co/datasets/huggingartists/sam-kim,unknown,unknown,image or multimodal; inspect dataset card,review_required,review_required,not declared in API response,unknown,terms_acceptance_required,inspect dataset card and repository files,P3,"Hugging Face public-directory candidate discovered by query ""sam"".","Directory tags and license fields are unverified metadata. Review the dataset card, files, upstream rights and personal-data risk before any download.",huggingface-api:sam,2026-09-06T07:19:42+00:00
huggingface:huggingface/semantic-segmentation-test-sample,huggingface/semantic-segmentation-test-sample,Hugging Face Hub,https://huggingface.co/datasets/huggingface/semantic-segmentation-test-sample,unknown,unknown,image or multimodal; inspect dataset card,review_required,review_required,not declared in API response,unknown,terms_acceptance_required,inspect dataset card and repository files,P3,"Hugging Face public-directory candidate discovered by query ""semantic segmentation"".","Directory tags and license fields are unverified metadata. Review the dataset card, files, upstream rights and personal-data risk before any download.",huggingface-api:semantic segmentation,2026-09-06T07:19:42+00:00
huggingface:HuggingFaceM4/COCO,HuggingFaceM4/COCO,Hugging Face Hub,https://huggingface.co/datasets/HuggingFaceM4/COCO,unknown,unknown,image or multimodal; inspect dataset card,review_required,review_required,cc-by-4.0,unknown,terms_acceptance_required,inspect dataset card and repository files,P3,"Hugging Face public-directory candidate discovered by query ""coco"".","Directory tags and license fields are unverified metadata. Review the dataset card, files, upstream rights and personal-data risk before any download.",huggingface-api:coco,2026-09-06T07:19:42+00:00
huggingface:industoai/Egg-Instance-Segmentation,industoai/Egg-Instance-Segmentation,Hugging Face Hub,https://huggingface.co/datasets/industoai/Egg-Instance-Segmentation,unknown,unknown,image or multimodal; inspect dataset card,review_required,review_required,cc-by-nc-4.0,unknown,terms_acceptance_required,inspect dataset card and repository files,P3,"Hugging Face public-directory candidate discovered by query ""instance segmentation"".","Directory tags and license fields are unverified metadata. Review the dataset card, files, upstream rights and personal-data risk before any download.",huggingface-api:instance segmentation,2026-09-06T07:19:42+00:00
huggingface:introvoyz041/KG_Instance_Segmentation,introvoyz041/KG_Instance_Segmentation,Hugging Face Hub,https://huggingface.co/datasets/introvoyz041/KG_Instance_Segmentation,unknown,unknown,image or multimodal; inspect dataset card,review_required,review_required,mit,unknown,terms_acceptance_required,inspect dataset card and repository files,P3,"Hugging Face public-directory candidate discovered by query ""instance segmentation"".","Directory tags and license fields are unverified metadata. Review the dataset card, files, upstream rights and personal-data risk before any download.",huggingface-api:instance segmentation,2026-09-06T07:19:42+00:00
huggingface:introvoyz041/MICCAI2021_Cataract_semantic_segmentation,introvoyz041/MICCAI2021_Cataract_semantic_segmentation,Hugging Face Hub,https://huggingface.co/datasets/introvoyz041/MICCAI2021_Cataract_semantic_segmentation,unknown,unknown,image or multimodal; inspect dataset card,review_required,review_required,mit,unknown,terms_acceptance_required,inspect dataset card and repository files,P3,"Hugging Face public-directory candidate discovered by query ""semantic segmentation"".","Directory tags and license fields are unverified metadata. Review the dataset card, files, upstream rights and personal-data risk before any download.",huggingface-api:semantic segmentation,2026-09-06T07:19:42+00:00
huggingface:Invicto69/Job-dataset-samples,Invicto69/Job-dataset-samples,Hugging Face Hub,https://huggingface.co/datasets/Invicto69/Job-dataset-samples,unknown,unknown,image or multimodal; inspect dataset card,review_required,review_required,mit,unknown,terms_acceptance_required,inspect dataset card and repository files,P3,"Hugging Face public-directory candidate discovered by query ""sam"".","Directory tags and license fields are unverified metadata. Review the dataset card, files, upstream rights and personal-data risk before any download.",huggingface-api:sam,2026-09-06T07:19:42+00:00
huggingface:jacobbieker/open-crab-sample,jacobbieker/open-crab-sample,Hugging Face Hub,https://huggingface.co/datasets/jacobbieker/open-crab-sample,unknown,unknown,image or multimodal; inspect dataset card,review_required,review_required,not declared in API response,unknown,terms_acceptance_required,inspect dataset card and repository files,P3,"Hugging Face public-directory candidate discovered by query ""sam"".","Directory tags and license fields are unverified metadata. Review the dataset card, files, upstream rights and personal-data risk before any download.",huggingface-api:sam,2026-09-06T07:19:42+00:00
huggingface:jeanpat/SmallOverlapChrom-COCO125,jeanpat/SmallOverlapChrom-COCO125,Hugging Face Hub,https://huggingface.co/datasets/jeanpat/SmallOverlapChrom-COCO125,unknown,unknown,image or multimodal; inspect dataset card,review_required,review_required,cc-by-nc-4.0,unknown,terms_acceptance_required,inspect dataset card and repository files,P3,"Hugging Face public-directory candidate discovered by query ""coco"".","Directory tags and license fields are unverified metadata. Review the dataset card, files, upstream rights and personal-data risk before any download.",huggingface-api:coco,2026-09-06T07:19:42+00:00
huggingface:Jenk9/exo2exo-selected-EgoExo4D-pair-same-random,Jenk9/exo2exo-selected-EgoExo4D-pair-same-random,Hugging Face Hub,https://huggingface.co/datasets/Jenk9/exo2exo-selected-EgoExo4D-pair-same-random,image-segmentation,segmentation (directory tag),image or multimodal; inspect dataset card,review_required,mask_ready,cc-by-nc-4.0,unknown,terms_acceptance_required,inspect dataset card and repository files,P3,"Hugging Face public-directory candidate discovered by query ""sam"".","Directory tags and license fields are unverified metadata. Review the dataset card, files, upstream rights and personal-data risk before any download.",huggingface-api:sam,2026-09-06T07:19:42+00:00
huggingface:jrahn/yolochess_deepblue,jrahn/yolochess_deepblue,Hugging Face Hub,https://huggingface.co/datasets/jrahn/yolochess_deepblue,reinforcement-learning | text-classification,unknown,image or multimodal; inspect dataset card,review_required,review_required,gpl-3.0,unknown,terms_acceptance_required,inspect dataset card and repository files,P3,"Hugging Face public-directory candidate discovered by query ""yolo"".","Directory tags and license fields are unverified metadata. Review the dataset card, files, upstream rights and personal-data risk before any download.",huggingface-api:yolo,2026-09-06T07:19:42+00:00
huggingface:jrahn/yolochess_lichess-elite_2209,jrahn/yolochess_lichess-elite_2209,Hugging Face Hub,https://huggingface.co/datasets/jrahn/yolochess_lichess-elite_2209,unknown,unknown,image or multimodal; inspect dataset card,review_required,review_required,not declared in API response,unknown,terms_acceptance_required,inspect dataset card and repository files,P3,"Hugging Face public-directory candidate discovered by query ""yolo"".","Directory tags and license fields are unverified metadata. Review the dataset card, files, upstream rights and personal-data risk before any download.",huggingface-api:yolo,2026-09-06T07:19:42+00:00
huggingface:jrahn/yolochess_lichess-elite_2210,jrahn/yolochess_lichess-elite_2210,Hugging Face Hub,https://huggingface.co/datasets/jrahn/yolochess_lichess-elite_2210,unknown,unknown,image or multimodal; inspect dataset card,review_required,review_required,not declared in API response,unknown,terms_acceptance_required,inspect dataset card and repository files,P3,"Hugging Face public-directory candidate discovered by query ""yolo"".","Directory tags and license fields are unverified metadata. Review the dataset card, files, upstream rights and personal-data risk before any download.",huggingface-api:yolo,2026-09-06T07:19:42+00:00
huggingface:jrahn/yolochess_lichess-elite_2211,jrahn/yolochess_lichess-elite_2211,Hugging Face Hub,https://huggingface.co/datasets/jrahn/yolochess_lichess-elite_2211,reinforcement-learning | text-classification,unknown,image or multimodal; inspect dataset card,review_required,review_required,cc,unknown,terms_acceptance_required,inspect dataset card and repository files,P3,"Hugging Face public-directory candidate discovered by query ""yolo"".","Directory tags and license fields are unverified metadata. Review the dataset card, files, upstream rights and personal-data risk before any download.",huggingface-api:yolo,2026-09-06T07:19:42+00:00
huggingface:karansapra/semantic-segmentation,karansapra/semantic-segmentation,Hugging Face Hub,https://huggingface.co/datasets/karansapra/semantic-segmentation,unknown,unknown,image or multimodal; inspect dataset card,review_required,review_required,bsd-3-clause,unknown,terms_acceptance_required,inspect dataset card and repository files,P3,"Hugging Face public-directory candidate discovered by query ""semantic segmentation"".","Directory tags and license fields are unverified metadata. Review the dataset card, files, upstream rights and personal-data risk before any download.",huggingface-api:semantic segmentation,2026-09-06T07:19:42+00:00
huggingface:kasurashan/RGBD-Instance-Segmentation,kasurashan/RGBD-Instance-Segmentation,Hugging Face Hub,https://huggingface.co/datasets/kasurashan/RGBD-Instance-Segmentation,unknown,unknown,image or multimodal; inspect dataset card,review_required,review_required,not declared in API response,unknown,terms_acceptance_required,inspect dataset card and repository files,P3,"Hugging Face public-directory candidate discovered by query ""instance segmentation"".","Directory tags and license fields are unverified metadata. Review the dataset card, files, upstream rights and personal-data risk before any download.",huggingface-api:instance segmentation,2026-09-06T07:19:42+00:00
huggingface:Katteryna/automotive-tools-instance-segmentation-demo,Katteryna/automotive-tools-instance-segmentation-demo,Hugging Face Hub,https://huggingface.co/datasets/Katteryna/automotive-tools-instance-segmentation-demo,unknown,unknown,image or multimodal; inspect dataset card,review_required,review_required,not declared in API response,unknown,terms_acceptance_required,inspect dataset card and repository files,P3,"Hugging Face public-directory candidate discovered by query ""instance segmentation"".","Directory tags and license fields are unverified metadata. Review the dataset card, files, upstream rights and personal-data risk before any download.",huggingface-api:instance segmentation,2026-09-06T07:19:42+00:00
huggingface:Katteryna/Automotive_Hand_Tools_Instance_Segmentation,Katteryna/Automotive_Hand_Tools_Instance_Segmentation,Hugging Face Hub,https://huggingface.co/datasets/Katteryna/Automotive_Hand_Tools_Instance_Segmentation,unknown,unknown,image or multimodal; inspect dataset card,review_required,review_required,not declared in API response,unknown,terms_acceptance_required,inspect dataset card and repository files,P3,"Hugging Face public-directory candidate discovered by query ""instance segmentation"".","Directory tags and license fields are unverified metadata. Review the dataset card, files, upstream rights and personal-data risk before any download.",huggingface-api:instance segmentation,2026-09-06T07:19:42+00:00
huggingface:KIT-MRT/KITScenes-Multimodal-Sample,KIT-MRT/KITScenes-Multimodal-Sample,Hugging Face Hub,https://huggingface.co/datasets/KIT-MRT/KITScenes-Multimodal-Sample,unknown,unknown,image or multimodal; inspect dataset card,review_required,review_required,cc-by-nc-4.0,unknown,terms_acceptance_required,inspect dataset card and repository files,P3,"Hugging Face public-directory candidate discovered by query ""sam"".","Directory tags and license fields are unverified metadata. Review the dataset card, files, upstream rights and personal-data risk before any download.",huggingface-api:sam,2026-09-06T07:19:42+00:00
huggingface:kumapo/coco_dataset_script,kumapo/coco_dataset_script,Hugging Face Hub,https://huggingface.co/datasets/kumapo/coco_dataset_script,unknown,unknown,image or multimodal; inspect dataset card,review_required,review_required,not declared in API response,unknown,terms_acceptance_required,inspect dataset card and repository files,P3,"Hugging Face public-directory candidate discovered by query ""coco"".","Directory tags and license fields are unverified metadata. Review the dataset card, files, upstream rights and personal-data risk before any download.",huggingface-api:coco,2026-09-06T07:19:42+00:00
huggingface:laion/relaion-coco,laion/relaion-coco,Hugging Face Hub,https://huggingface.co/datasets/laion/relaion-coco,unknown,unknown,image or multimodal; inspect dataset card,review_required,review_required,not declared in API response,unknown,terms_acceptance_required,inspect dataset card and repository files,P3,"Hugging Face public-directory candidate discovered by query ""coco"".","Directory tags and license fields are unverified metadata. Review the dataset card, files, upstream rights and personal-data risk before any download.",huggingface-api:coco,2026-09-06T07:19:42+00:00
huggingface:llama-farm/military-labeled-yolo,llama-farm/military-labeled-yolo,Hugging Face Hub,https://huggingface.co/datasets/llama-farm/military-labeled-yolo,object-detection,YOLO (directory tag),image or multimodal; inspect dataset card,native_yolo,box_prompt_convertible,cc0-1.0,unknown,terms_acceptance_required,inspect dataset card and repository files,P3,"Hugging Face public-directory candidate discovered by query ""yolo"".","Directory tags and license fields are unverified metadata. Review the dataset card, files, upstream rights and personal-data risk before any download.",huggingface-api:yolo,2026-09-06T07:19:42+00:00
huggingface:lllbbb123/ROI-1555_Rebar_Detection_and_Instance_Segmentation_Dataset,lllbbb123/ROI-1555_Rebar_Detection_and_Instance_Segmentation_Dataset,Hugging Face Hub,https://huggingface.co/datasets/lllbbb123/ROI-1555_Rebar_Detection_and_Instance_Segmentation_Dataset,unknown,unknown,image or multimodal; inspect dataset card,review_required,review_required,not declared in API response,unknown,terms_acceptance_required,inspect dataset card and repository files,P3,"Hugging Face public-directory candidate discovered by query ""instance segmentation"".","Directory tags and license fields are unverified metadata. Review the dataset card, files, upstream rights and personal-data risk before any download.",huggingface-api:instance segmentation,2026-09-06T07:19:42+00:00
huggingface:lmr-123/ROI-1555_Rebar_Detection_and_Instance_Segmentation_Dataset,lmr-123/ROI-1555_Rebar_Detection_and_Instance_Segmentation_Dataset,Hugging Face Hub,https://huggingface.co/datasets/lmr-123/ROI-1555_Rebar_Detection_and_Instance_Segmentation_Dataset,unknown,unknown,image or multimodal; inspect dataset card,review_required,review_required,not declared in API response,unknown,terms_acceptance_required,inspect dataset card and repository files,P3,"Hugging Face public-directory candidate discovered by query ""instance segmentation"".","Directory tags and license fields are unverified metadata. Review the dataset card, files, upstream rights and personal-data risk before any download.",huggingface-api:instance segmentation,2026-09-06T07:19:42+00:00
huggingface:LRGB/coco_superpixels_edge_wt_coord_feat_10,LRGB/coco_superpixels_edge_wt_coord_feat_10,Hugging Face Hub,https://huggingface.co/datasets/LRGB/coco_superpixels_edge_wt_coord_feat_10,graph-ml,unknown,image or multimodal; inspect dataset card,review_required,review_required,cc-by-4.0,unknown,terms_acceptance_required,inspect dataset card and repository files,P3,"Hugging Face public-directory candidate discovered by query ""coco"".","Directory tags and license fields are unverified metadata. Review the dataset card, files, upstream rights and personal-data risk before any download.",huggingface-api:coco,2026-09-06T07:19:42+00:00
huggingface:LRGB/coco_superpixels_edge_wt_only_coord_10,LRGB/coco_superpixels_edge_wt_only_coord_10,Hugging Face Hub,https://huggingface.co/datasets/LRGB/coco_superpixels_edge_wt_only_coord_10,graph-ml,unknown,image or multimodal; inspect dataset card,review_required,review_required,cc-by-4.0,unknown,terms_acceptance_required,inspect dataset card and repository files,P3,"Hugging Face public-directory candidate discovered by query ""coco"".","Directory tags and license fields are unverified metadata. Review the dataset card, files, upstream rights and personal-data risk before any download.",huggingface-api:coco,2026-09-06T07:19:42+00:00
huggingface:LRGB/coco_superpixels_edge_wt_only_coord_30,LRGB/coco_superpixels_edge_wt_only_coord_30,Hugging Face Hub,https://huggingface.co/datasets/LRGB/coco_superpixels_edge_wt_only_coord_30,graph-ml,unknown,image or multimodal; inspect dataset card,review_required,review_required,cc-by-4.0,unknown,terms_acceptance_required,inspect dataset card and repository files,P3,"Hugging Face public-directory candidate discovered by query ""coco"".","Directory tags and license fields are unverified metadata. Review the dataset card, files, upstream rights and personal-data risk before any download.",huggingface-api:coco,2026-09-06T07:19:42+00:00
huggingface:LRGB/coco_superpixels_edge_wt_only_feat_30,LRGB/coco_superpixels_edge_wt_only_feat_30,Hugging Face Hub,https://huggingface.co/datasets/LRGB/coco_superpixels_edge_wt_only_feat_30,graph-ml,unknown,image or multimodal; inspect dataset card,review_required,review_required,cc-by-4.0,unknown,terms_acceptance_required,inspect dataset card and repository files,P3,"Hugging Face public-directory candidate discovered by query ""coco"".","Directory tags and license fields are unverified metadata. Review the dataset card, files, upstream rights and personal-data risk before any download.",huggingface-api:coco,2026-09-06T07:19:42+00:00
huggingface:LRGB/coco_superpixels_edge_wt_region_boundary_10,LRGB/coco_superpixels_edge_wt_region_boundary_10,Hugging Face Hub,https://huggingface.co/datasets/LRGB/coco_superpixels_edge_wt_region_boundary_10,graph-ml,unknown,image or multimodal; inspect dataset card,review_required,review_required,cc-by-4.0,unknown,terms_acceptance_required,inspect dataset card and repository files,P3,"Hugging Face public-directory candidate discovered by query ""coco"".","Directory tags and license fields are unverified metadata. Review the dataset card, files, upstream rights and personal-data risk before any download.",huggingface-api:coco,2026-09-06T07:19:42+00:00
huggingface:LRGB/coco_superpixels_edge_wt_region_boundary_30,LRGB/coco_superpixels_edge_wt_region_boundary_30,Hugging Face Hub,https://huggingface.co/datasets/LRGB/coco_superpixels_edge_wt_region_boundary_30,graph-ml,unknown,image or multimodal; inspect dataset card,review_required,review_required,cc-by-4.0,unknown,terms_acceptance_required,inspect dataset card and repository files,P3,"Hugging Face public-directory candidate discovered by query ""coco"".","Directory tags and license fields are unverified metadata. Review the dataset card, files, upstream rights and personal-data risk before any download.",huggingface-api:coco,2026-09-06T07:19:42+00:00
huggingface:Luka-Wang/COCO,Luka-Wang/COCO,Hugging Face Hub,https://huggingface.co/datasets/Luka-Wang/COCO,token-classification,unknown,image or multimodal; inspect dataset card,review_required,review_required,not declared in API response,unknown,terms_acceptance_required,inspect dataset card and repository files,P3,"Hugging Face public-directory candidate discovered by query ""coco"".","Directory tags and license fields are unverified metadata. Review the dataset card, files, upstream rights and personal-data risk before any download.",huggingface-api:coco,2026-09-06T07:19:42+00:00
huggingface:mehmetkeremturkcan/SAM3-Joint-Surgical-Dataset,mehmetkeremturkcan/SAM3-Joint-Surgical-Dataset,Hugging Face Hub,https://huggingface.co/datasets/mehmetkeremturkcan/SAM3-Joint-Surgical-Dataset,image-segmentation | object-detection,COCO (directory tag) | segmentation (directory tag),image or multimodal; inspect dataset card,coco_convertible,mask_ready,other,unknown,terms_acceptance_required,inspect dataset card and repository files,P3,"Hugging Face public-directory candidate discovered by query ""sam"".","Directory tags and license fields are unverified metadata. Review the dataset card, files, upstream rights and personal-data risk before any download.",huggingface-api:sam,2026-09-06T07:19:42+00:00
huggingface:merve/coco,merve/coco,Hugging Face Hub,https://huggingface.co/datasets/merve/coco,unknown,unknown,image or multimodal; inspect dataset card,review_required,review_required,not declared in API response,unknown,terms_acceptance_required,inspect dataset card and repository files,P3,"Hugging Face public-directory candidate discovered by query ""coco"".","Directory tags and license fields are unverified metadata. Review the dataset card, files, upstream rights and personal-data risk before any download.",huggingface-api:coco,2026-09-06T07:19:42+00:00
huggingface:Mindgard/evaded-prompt-injection-and-jailbreak-samples,Mindgard/evaded-prompt-injection-and-jailbreak-samples,Hugging Face Hub,https://huggingface.co/datasets/Mindgard/evaded-prompt-injection-and-jailbreak-samples,text-classification | text-generation,unknown,image or multimodal; inspect dataset card,review_required,review_required,cc-by-nc-4.0,unknown,terms_acceptance_required,inspect dataset card and repository files,P3,"Hugging Face public-directory candidate discovered by query ""sam"".","Directory tags and license fields are unverified metadata. Review the dataset card, files, upstream rights and personal-data risk before any download.",huggingface-api:sam,2026-09-06T07:19:42+00:00
huggingface:moritzef/mapillary_vistas_semantic_edges_and_segmentation,moritzef/mapillary_vistas_semantic_edges_and_segmentation,Hugging Face Hub,https://huggingface.co/datasets/moritzef/mapillary_vistas_semantic_edges_and_segmentation,unknown,unknown,image or multimodal; inspect dataset card,review_required,review_required,not declared in API response,unknown,terms_acceptance_required,inspect dataset card and repository files,P3,"Hugging Face public-directory candidate discovered by query ""semantic segmentation"".","Directory tags and license fields are unverified metadata. Review the dataset card, files, upstream rights and personal-data risk before any download.",huggingface-api:semantic segmentation,2026-09-06T07:19:42+00:00
huggingface:moritzef/mapillary_vistas_semantic_edges_and_segmentation_test,moritzef/mapillary_vistas_semantic_edges_and_segmentation_test,Hugging Face Hub,https://huggingface.co/datasets/moritzef/mapillary_vistas_semantic_edges_and_segmentation_test,unknown,unknown,image or multimodal; inspect dataset card,review_required,review_required,not declared in API response,unknown,terms_acceptance_required,inspect dataset card and repository files,P3,"Hugging Face public-directory candidate discovered by query ""semantic segmentation"".","Directory tags and license fields are unverified metadata. Review the dataset card, files, upstream rights and personal-data risk before any download.",huggingface-api:semantic segmentation,2026-09-06T07:19:42+00:00
huggingface:moritzef/semantic_edges_and_segmentation_placepulse,moritzef/semantic_edges_and_segmentation_placepulse,Hugging Face Hub,https://huggingface.co/datasets/moritzef/semantic_edges_and_segmentation_placepulse,unknown,unknown,image or multimodal; inspect dataset card,review_required,review_required,not declared in API response,unknown,terms_acceptance_required,inspect dataset card and repository files,P3,"Hugging Face public-directory candidate discovered by query ""semantic segmentation"".","Directory tags and license fields are unverified metadata. Review the dataset card, files, upstream rights and personal-data risk before any download.",huggingface-api:semantic segmentation,2026-09-06T07:19:42+00:00
huggingface:moritzef/semantic_edges_and_segmentation_placepulse_test,moritzef/semantic_edges_and_segmentation_placepulse_test,Hugging Face Hub,https://huggingface.co/datasets/moritzef/semantic_edges_and_segmentation_placepulse_test,unknown,unknown,image or multimodal; inspect dataset card,review_required,review_required,not declared in API response,unknown,terms_acceptance_required,inspect dataset card and repository files,P3,"Hugging Face public-directory candidate discovered by query ""semantic segmentation"".","Directory tags and license fields are unverified metadata. Review the dataset card, files, upstream rights and personal-data risk before any download.",huggingface-api:semantic segmentation,2026-09-06T07:19:42+00:00
huggingface:MortenTabaka/LandCover-Aerial-Imagery-for-semantic-segmentation,MortenTabaka/LandCover-Aerial-Imagery-for-semantic-segmentation,Hugging Face Hub,https://huggingface.co/datasets/MortenTabaka/LandCover-Aerial-Imagery-for-semantic-segmentation,image-segmentation,segmentation (directory tag),image or multimodal; inspect dataset card,review_required,mask_ready,cc-by-nc-sa-4.0,unknown,terms_acceptance_required,inspect dataset card and repository files,P3,"Hugging Face public-directory candidate discovered by query ""semantic segmentation"".","Directory tags and license fields are unverified metadata. Review the dataset card, files, upstream rights and personal-data risk before any download.",huggingface-api:semantic segmentation,2026-09-06T07:19:42+00:00
huggingface:MouthCare/intraoral-sample,MouthCare/intraoral-sample,Hugging Face Hub,https://huggingface.co/datasets/MouthCare/intraoral-sample,image-segmentation,COCO (directory tag) | segmentation (directory tag),image or multimodal; inspect dataset card,coco_convertible,mask_ready,other,unknown,terms_acceptance_required,inspect dataset card and repository files,P3,"Hugging Face public-directory candidate discovered by query ""sam"".","Directory tags and license fields are unverified metadata. Review the dataset card, files, upstream rights and personal-data risk before any download.",huggingface-api:sam,2026-09-06T07:19:42+00:00
huggingface:mukilanvk/YOLO,mukilanvk/YOLO,Hugging Face Hub,https://huggingface.co/datasets/mukilanvk/YOLO,unknown,unknown,image or multimodal; inspect dataset card,review_required,review_required,not declared in API response,unknown,terms_acceptance_required,inspect dataset card and repository files,P3,"Hugging Face public-directory candidate discovered by query ""yolo"".","Directory tags and license fields are unverified metadata. Review the dataset card, files, upstream rights and personal-data risk before any download.",huggingface-api:yolo,2026-09-06T07:19:42+00:00
huggingface:mukilanvk/yolo1,mukilanvk/yolo1,Hugging Face Hub,https://huggingface.co/datasets/mukilanvk/yolo1,unknown,unknown,image or multimodal; inspect dataset card,review_required,review_required,not declared in API response,unknown,terms_acceptance_required,inspect dataset card and repository files,P3,"Hugging Face public-directory candidate discovered by query ""yolo"".","Directory tags and license fields are unverified metadata. Review the dataset card, files, upstream rights and personal-data risk before any download.",huggingface-api:yolo,2026-09-06T07:19:42+00:00
huggingface:mzellou/yolo-windmill-fr,mzellou/yolo-windmill-fr,Hugging Face Hub,https://huggingface.co/datasets/mzellou/yolo-windmill-fr,object-detection,unknown,image or multimodal; inspect dataset card,conversion_required,box_prompt_convertible,etalab-2.0,unknown,terms_acceptance_required,inspect dataset card and repository files,P3,"Hugging Face public-directory candidate discovered by query ""yolo"".","Directory tags and license fields are unverified metadata. Review the dataset card, files, upstream rights and personal-data risk before any download.",huggingface-api:yolo,2026-09-06T07:19:42+00:00
huggingface:natealberti/ChestX-Det-semantic-segmentation,natealberti/ChestX-Det-semantic-segmentation,Hugging Face Hub,https://huggingface.co/datasets/natealberti/ChestX-Det-semantic-segmentation,unknown,unknown,image or multimodal; inspect dataset card,review_required,review_required,not declared in API response,unknown,terms_acceptance_required,inspect dataset card and repository files,P3,"Hugging Face public-directory candidate discovered by query ""semantic segmentation"".","Directory tags and license fields are unverified metadata. Review the dataset card, files, upstream rights and personal-data risk before any download.",huggingface-api:semantic segmentation,2026-09-06T07:19:42+00:00
huggingface:nazmi/yolov8-combined,nazmi/yolov8-combined,Hugging Face Hub,https://huggingface.co/datasets/nazmi/yolov8-combined,unknown,unknown,image or multimodal; inspect dataset card,review_required,review_required,bsd,unknown,terms_acceptance_required,inspect dataset card and repository files,P3,"Hugging Face public-directory candidate discovered by query ""yolo"".","Directory tags and license fields are unverified metadata. Review the dataset card, files, upstream rights and personal-data risk before any download.",huggingface-api:yolo,2026-09-06T07:19:42+00:00
huggingface:nekofura/yolo_project,nekofura/yolo_project,Hugging Face Hub,https://huggingface.co/datasets/nekofura/yolo_project,unknown,unknown,image or multimodal; inspect dataset card,review_required,review_required,not declared in API response,unknown,terms_acceptance_required,inspect dataset card and repository files,P3,"Hugging Face public-directory candidate discovered by query ""yolo"".","Directory tags and license fields are unverified metadata. Review the dataset card, files, upstream rights and personal-data risk before any download.",huggingface-api:yolo,2026-09-06T07:19:42+00:00
huggingface:nielsr/coco-panoptic-categories,nielsr/coco-panoptic-categories,Hugging Face Hub,https://huggingface.co/datasets/nielsr/coco-panoptic-categories,unknown,unknown,image or multimodal; inspect dataset card,review_required,review_required,not declared in API response,unknown,terms_acceptance_required,inspect dataset card and repository files,P3,"Hugging Face public-directory candidate discovered by query ""coco"".","Directory tags and license fields are unverified metadata. Review the dataset card, files, upstream rights and personal-data risk before any download.",huggingface-api:coco,2026-09-06T07:19:42+00:00
huggingface:nielsr/coco-panoptic-val2017,nielsr/coco-panoptic-val2017,Hugging Face Hub,https://huggingface.co/datasets/nielsr/coco-panoptic-val2017,unknown,unknown,image or multimodal; inspect dataset card,review_required,review_required,not declared in API response,unknown,terms_acceptance_required,inspect dataset card and repository files,P3,"Hugging Face public-directory candidate discovered by query ""coco"".","Directory tags and license fields are unverified metadata. Review the dataset card, files, upstream rights and personal-data risk before any download.",huggingface-api:coco,2026-09-06T07:19:42+00:00
huggingface:nielsr/ship-detection-sliced-yolo-format-train-only,nielsr/ship-detection-sliced-yolo-format-train-only,Hugging Face Hub,https://huggingface.co/datasets/nielsr/ship-detection-sliced-yolo-format-train-only,unknown,unknown,image or multimodal; inspect dataset card,review_required,review_required,not declared in API response,unknown,terms_acceptance_required,inspect dataset card and repository files,P3,"Hugging Face public-directory candidate discovered by query ""yolo"".","Directory tags and license fields are unverified metadata. Review the dataset card, files, upstream rights and personal-data risk before any download.",huggingface-api:yolo,2026-09-06T07:19:42+00:00
huggingface:nielsr/ship-detection-yolov5-format,nielsr/ship-detection-yolov5-format,Hugging Face Hub,https://huggingface.co/datasets/nielsr/ship-detection-yolov5-format,unknown,unknown,image or multimodal; inspect dataset card,review_required,review_required,not declared in API response,unknown,terms_acceptance_required,inspect dataset card and repository files,P3,"Hugging Face public-directory candidate discovered by query ""yolo"".","Directory tags and license fields are unverified metadata. Review the dataset card, files, upstream rights and personal-data risk before any download.",huggingface-api:yolo,2026-09-06T07:19:42+00:00
huggingface:nielsr/yolov5-predictions,nielsr/yolov5-predictions,Hugging Face Hub,https://huggingface.co/datasets/nielsr/yolov5-predictions,unknown,unknown,image or multimodal; inspect dataset card,review_required,review_required,not declared in API response,unknown,terms_acceptance_required,inspect dataset card and repository files,P3,"Hugging Face public-directory candidate discovered by query ""yolo"".","Directory tags and license fields are unverified metadata. Review the dataset card, files, upstream rights and personal-data risk before any download.",huggingface-api:yolo,2026-09-06T07:19:42+00:00
huggingface:nvidia/Nemotron-Pretraining-Dataset-sample,nvidia/Nemotron-Pretraining-Dataset-sample,Hugging Face Hub,https://huggingface.co/datasets/nvidia/Nemotron-Pretraining-Dataset-sample,unknown,unknown,image or multimodal; inspect dataset card,review_required,review_required,other,unknown,terms_acceptance_required,inspect dataset card and repository files,P3,"Hugging Face public-directory candidate discovered by query ""sam"".","Directory tags and license fields are unverified metadata. Review the dataset card, files, upstream rights and personal-data risk before any download.",huggingface-api:sam,2026-09-06T07:19:42+00:00
huggingface:Peter0716/Prototype_Coreset-Simple_Coreset_Selection_for_Instance_Segmentation_Before_Annotation,Peter0716/Prototype_Coreset-Simple_Coreset_Selection_for_Instance_Segmentation_Before_Annotation,Hugging Face Hub,https://huggingface.co/datasets/Peter0716/Prototype_Coreset-Simple_Coreset_Selection_for_Instance_Segmentation_Before_Annotation,unknown,unknown,image or multimodal; inspect dataset card,review_required,review_required,mit,unknown,terms_acceptance_required,inspect dataset card and repository files,P3,"Hugging Face public-directory candidate discovered by query ""instance segmentation"".","Directory tags and license fields are unverified metadata. Review the dataset card, files, upstream rights and personal-data risk before any download.",huggingface-api:instance segmentation,2026-09-06T07:19:42+00:00
huggingface:Project-AgML/cabbage_instance_segmentation,Project-AgML/cabbage_instance_segmentation,Hugging Face Hub,https://huggingface.co/datasets/Project-AgML/cabbage_instance_segmentation,image-segmentation,segmentation (directory tag),image or multimodal; inspect dataset card,review_required,mask_ready,cc-by-4.0,unknown,terms_acceptance_required,inspect dataset card and repository files,P3,"Hugging Face public-directory candidate discovered by query ""instance segmentation"".","Directory tags and license fields are unverified metadata. Review the dataset card, files, upstream rights and personal-data risk before any download.",huggingface-api:instance segmentation,2026-09-06T07:19:42+00:00
huggingface:public-data/sample-images-TADNE,public-data/sample-images-TADNE,Hugging Face Hub,https://huggingface.co/datasets/public-data/sample-images-TADNE,unknown,unknown,image or multimodal; inspect dataset card,review_required,review_required,not declared in API response,unknown,terms_acceptance_required,inspect dataset card and repository files,P3,"Hugging Face public-directory candidate discovered by query ""sam"".","Directory tags and license fields are unverified metadata. Review the dataset card, files, upstream rights and personal-data risk before any download.",huggingface-api:sam,2026-09-06T07:19:42+00:00
huggingface:Qamro/the-Pokemon-Trading-Card-Game-Battle-Challenge-DataSet-Sample,Qamro/the-Pokemon-Trading-Card-Game-Battle-Challenge-DataSet-Sample,Hugging Face Hub,https://huggingface.co/datasets/Qamro/the-Pokemon-Trading-Card-Game-Battle-Challenge-DataSet-Sample,unknown,unknown,image or multimodal; inspect dataset card,review_required,review_required,mit,unknown,terms_acceptance_required,inspect dataset card and repository files,P3,"Hugging Face public-directory candidate discovered by query ""sam"".","Directory tags and license fields are unverified metadata. Review the dataset card, files, upstream rights and personal-data risk before any download.",huggingface-api:sam,2026-09-06T07:19:42+00:00
huggingface:research-centre-rez/synth-rod-instance-segmentation,research-centre-rez/synth-rod-instance-segmentation,Hugging Face Hub,https://huggingface.co/datasets/research-centre-rez/synth-rod-instance-segmentation,unknown,unknown,image or multimodal; inspect dataset card,review_required,review_required,not declared in API response,unknown,terms_acceptance_required,inspect dataset card and repository files,P3,"Hugging Face public-directory candidate discovered by query ""instance segmentation"".","Directory tags and license fields are unverified metadata. Review the dataset card, files, upstream rights and personal-data risk before any download.",huggingface-api:instance segmentation,2026-09-06T07:19:42+00:00
huggingface:richfrain/semanticSegmentation,richfrain/semanticSegmentation,Hugging Face Hub,https://huggingface.co/datasets/richfrain/semanticSegmentation,unknown,unknown,image or multimodal; inspect dataset card,review_required,review_required,apache-2.0,unknown,terms_acceptance_required,inspect dataset card and repository files,P3,"Hugging Face public-directory candidate discovered by query ""semantic segmentation"".","Directory tags and license fields are unverified metadata. Review the dataset card, files, upstream rights and personal-data risk before any download.",huggingface-api:semantic segmentation,2026-09-06T07:19:42+00:00
huggingface:richfrain/semanticSegmentationv2,richfrain/semanticSegmentationv2,Hugging Face Hub,https://huggingface.co/datasets/richfrain/semanticSegmentationv2,unknown,unknown,image or multimodal; inspect dataset card,review_required,review_required,apache-2.0,unknown,terms_acceptance_required,inspect dataset card and repository files,P3,"Hugging Face public-directory candidate discovered by query ""semantic segmentation"".","Directory tags and license fields are unverified metadata. Review the dataset card, files, upstream rights and personal-data risk before any download.",huggingface-api:semantic segmentation,2026-09-06T07:19:42+00:00
huggingface:RIW/small-coco,RIW/small-coco,Hugging Face Hub,https://huggingface.co/datasets/RIW/small-coco,unknown,unknown,image or multimodal; inspect dataset card,review_required,review_required,not declared in API response,unknown,terms_acceptance_required,inspect dataset card and repository files,P3,"Hugging Face public-directory candidate discovered by query ""coco"".","Directory tags and license fields are unverified metadata. Review the dataset card, files, upstream rights and personal-data risk before any download.",huggingface-api:coco,2026-09-06T07:19:42+00:00
huggingface:RIW/small-coco-wm,RIW/small-coco-wm,Hugging Face Hub,https://huggingface.co/datasets/RIW/small-coco-wm,unknown,unknown,image or multimodal; inspect dataset card,review_required,review_required,not declared in API response,unknown,terms_acceptance_required,inspect dataset card and repository files,P3,"Hugging Face public-directory candidate discovered by query ""coco"".","Directory tags and license fields are unverified metadata. Review the dataset card, files, upstream rights and personal-data risk before any download.",huggingface-api:coco,2026-09-06T07:19:42+00:00
huggingface:ronantakizawa/sampleflip-midi,ronantakizawa/sampleflip-midi,Hugging Face Hub,https://huggingface.co/datasets/ronantakizawa/sampleflip-midi,audio-classification,unknown,image or multimodal; inspect dataset card,review_required,review_required,mit,unknown,terms_acceptance_required,inspect dataset card and repository files,P3,"Hugging Face public-directory candidate discovered by query ""sam"".","Directory tags and license fields are unverified metadata. Review the dataset card, files, upstream rights and personal-data risk before any download.",huggingface-api:sam,2026-09-06T07:19:42+00:00
huggingface:RootCauseAnalytics/Insurance-Library-Sample,RootCauseAnalytics/Insurance-Library-Sample,Hugging Face Hub,https://huggingface.co/datasets/RootCauseAnalytics/Insurance-Library-Sample,unknown,unknown,image or multimodal; inspect dataset card,review_required,review_required,cc-by-nc-4.0,unknown,terms_acceptance_required,inspect dataset card and repository files,P3,"Hugging Face public-directory candidate discovered by query ""sam"".","Directory tags and license fields are unverified metadata. Review the dataset card, files, upstream rights and personal-data risk before any download.",huggingface-api:sam,2026-09-06T07:19:42+00:00
huggingface:ropedia-ai/xperience-10m-sample,ropedia-ai/xperience-10m-sample,Hugging Face Hub,https://huggingface.co/datasets/ropedia-ai/xperience-10m-sample,unknown,unknown,image or multimodal; inspect dataset card,review_required,review_required,cc-by-nc-4.0,unknown,terms_acceptance_required,inspect dataset card and repository files,P3,"Hugging Face public-directory candidate discovered by query ""sam"".","Directory tags and license fields are unverified metadata. Review the dataset card, files, upstream rights and personal-data risk before any download.",huggingface-api:sam,2026-09-06T07:19:42+00:00
huggingface:Ryukijano/Pothole-detection-Yolov8,Ryukijano/Pothole-detection-Yolov8,Hugging Face Hub,https://huggingface.co/datasets/Ryukijano/Pothole-detection-Yolov8,object-detection,unknown,image or multimodal; inspect dataset card,conversion_required,box_prompt_convertible,openrail,unknown,terms_acceptance_required,inspect dataset card and repository files,P3,"Hugging Face public-directory candidate discovered by query ""yolo"".","Directory tags and license fields are unverified metadata. Review the dataset card, files, upstream rights and personal-data risk before any download.",huggingface-api:yolo,2026-09-06T07:19:42+00:00
huggingface:RyuNumchon/artery_yolo,RyuNumchon/artery_yolo,Hugging Face Hub,https://huggingface.co/datasets/RyuNumchon/artery_yolo,unknown,unknown,image or multimodal; inspect dataset card,review_required,review_required,mit,unknown,terms_acceptance_required,inspect dataset card and repository files,P3,"Hugging Face public-directory candidate discovered by query ""yolo"".","Directory tags and license fields are unverified metadata. Review the dataset card, files, upstream rights and personal-data risk before any download.",huggingface-api:yolo,2026-09-06T07:19:42+00:00
huggingface:saadfrh/pv-semantic-segmentation,saadfrh/pv-semantic-segmentation,Hugging Face Hub,https://huggingface.co/datasets/saadfrh/pv-semantic-segmentation,unknown,unknown,image or multimodal; inspect dataset card,review_required,review_required,apache-2.0,unknown,terms_acceptance_required,inspect dataset card and repository files,P3,"Hugging Face public-directory candidate discovered by query ""semantic segmentation"".","Directory tags and license fields are unverified metadata. Review the dataset card, files, upstream rights and personal-data risk before any download.",huggingface-api:semantic segmentation,2026-09-06T07:19:42+00:00
huggingface:Sam2021/Arguement_Mining_CL2017,Sam2021/Arguement_Mining_CL2017,Hugging Face Hub,https://huggingface.co/datasets/Sam2021/Arguement_Mining_CL2017,unknown,unknown,image or multimodal; inspect dataset card,review_required,review_required,not declared in API response,unknown,terms_acceptance_required,inspect dataset card and repository files,P3,"Hugging Face public-directory candidate discovered by query ""sam"".","Directory tags and license fields are unverified metadata. Review the dataset card, files, upstream rights and personal-data risk before any download.",huggingface-api:sam,2026-09-06T07:19:42+00:00
huggingface:samaya-ai/FrontierFinance,samaya-ai/FrontierFinance,Hugging Face Hub,https://huggingface.co/datasets/samaya-ai/FrontierFinance,question-answering | text-generation,unknown,image or multimodal; inspect dataset card,review_required,review_required,cc-by-4.0,unknown,terms_acceptance_required,inspect dataset card and repository files,P3,"Hugging Face public-directory candidate discovered by query ""sam"".","Directory tags and license fields are unverified metadata. Review the dataset card, files, upstream rights and personal-data risk before any download.",huggingface-api:sam,2026-09-06T07:19:42+00:00
huggingface:Samip/func,Samip/func,Hugging Face Hub,https://huggingface.co/datasets/Samip/func,unknown,unknown,image or multimodal; inspect dataset card,review_required,review_required,not declared in API response,unknown,terms_acceptance_required,inspect dataset card and repository files,P3,"Hugging Face public-directory candidate discovered by query ""sam"".","Directory tags and license fields are unverified metadata. Review the dataset card, files, upstream rights and personal-data risk before any download.",huggingface-api:sam,2026-09-06T07:19:42+00:00
huggingface:SamsungSDS-Research/Policy-on-the-Fly-Benchmark,SamsungSDS-Research/Policy-on-the-Fly-Benchmark,Hugging Face Hub,https://huggingface.co/datasets/SamsungSDS-Research/Policy-on-the-Fly-Benchmark,text-classification,unknown,image or multimodal; inspect dataset card,review_required,review_required,cc-by-nc-4.0,unknown,terms_acceptance_required,inspect dataset card and repository files,P3,"Hugging Face public-directory candidate discovered by query ""sam"".","Directory tags and license fields are unverified metadata. Review the dataset card, files, upstream rights and personal-data risk before any download.",huggingface-api:sam,2026-09-06T07:19:42+00:00
huggingface:SamuelWu318/ts-satfire,SamuelWu318/ts-satfire,Hugging Face Hub,https://huggingface.co/datasets/SamuelWu318/ts-satfire,image-to-image | reinforcement-learning,unknown,image or multimodal; inspect dataset card,review_required,review_required,cc-by-4.0,unknown,terms_acceptance_required,inspect dataset card and repository files,P3,"Hugging Face public-directory candidate discovered by query ""sam"".","Directory tags and license fields are unverified metadata. Review the dataset card, files, upstream rights and personal-data risk before any download.",huggingface-api:sam,2026-09-06T07:19:42+00:00
huggingface:SDbiaseval/COCO_categories,SDbiaseval/COCO_categories,Hugging Face Hub,https://huggingface.co/datasets/SDbiaseval/COCO_categories,unknown,unknown,image or multimodal; inspect dataset card,review_required,review_required,not declared in API response,unknown,terms_acceptance_required,inspect dataset card and repository files,P3,"Hugging Face public-directory candidate discovered by query ""coco"".","Directory tags and license fields are unverified metadata. Review the dataset card, files, upstream rights and personal-data risk before any download.",huggingface-api:coco,2026-09-06T07:19:42+00:00
huggingface:SergioSCA/Logistics_v2_yolov8,SergioSCA/Logistics_v2_yolov8,Hugging Face Hub,https://huggingface.co/datasets/SergioSCA/Logistics_v2_yolov8,unknown,unknown,image or multimodal; inspect dataset card,review_required,review_required,apache-2.0,unknown,terms_acceptance_required,inspect dataset card and repository files,P3,"Hugging Face public-directory candidate discovered by query ""yolo"".","Directory tags and license fields are unverified metadata. Review the dataset card, files, upstream rights and personal-data risk before any download.",huggingface-api:yolo,2026-09-06T07:19:42+00:00
huggingface:Shiveswarran/llm_instruction_code_manual_yolo_lc,Shiveswarran/llm_instruction_code_manual_yolo_lc,Hugging Face Hub,https://huggingface.co/datasets/Shiveswarran/llm_instruction_code_manual_yolo_lc,unknown,unknown,image or multimodal; inspect dataset card,review_required,review_required,not declared in API response,unknown,terms_acceptance_required,inspect dataset card and repository files,P3,"Hugging Face public-directory candidate discovered by query ""yolo"".","Directory tags and license fields are unverified metadata. Review the dataset card, files, upstream rights and personal-data risk before any download.",huggingface-api:yolo,2026-09-06T07:19:42+00:00
huggingface:shpotes/ms_coco,shpotes/ms_coco,Hugging Face Hub,https://huggingface.co/datasets/shpotes/ms_coco,unknown,unknown,image or multimodal; inspect dataset card,review_required,review_required,not declared in API response,unknown,terms_acceptance_required,inspect dataset card and repository files,P3,"Hugging Face public-directory candidate discovered by query ""coco"".","Directory tags and license fields are unverified metadata. Review the dataset card, files, upstream rights and personal-data risk before any download.",huggingface-api:coco,2026-09-06T07:19:42+00:00
huggingface:shunk031/cocostuff,shunk031/cocostuff,Hugging Face Hub,https://huggingface.co/datasets/shunk031/cocostuff,unknown,COCO (directory tag),image or multimodal; inspect dataset card,coco_convertible,box_prompt_convertible,cc-by-4.0,unknown,terms_acceptance_required,inspect dataset card and repository files,P3,"Hugging Face public-directory candidate discovered by query ""coco"".","Directory tags and license fields are unverified metadata. Review the dataset card, files, upstream rights and personal-data risk before any download.",huggingface-api:coco,2026-09-06T07:19:42+00:00
huggingface:smartnanotubes/snt-fire-enose-sample,smartnanotubes/snt-fire-enose-sample,Hugging Face Hub,https://huggingface.co/datasets/smartnanotubes/snt-fire-enose-sample,tabular-classification | time-series-forecasting,unknown,image or multimodal; inspect dataset card,review_required,review_required,not declared in API response,unknown,terms_acceptance_required,inspect dataset card and repository files,P3,"Hugging Face public-directory candidate discovered by query ""sam"".","Directory tags and license fields are unverified metadata. Review the dataset card, files, upstream rights and personal-data risk before any download.",huggingface-api:sam,2026-09-06T07:19:42+00:00
huggingface:stanford-cs336/owt-sample,stanford-cs336/owt-sample,Hugging Face Hub,https://huggingface.co/datasets/stanford-cs336/owt-sample,unknown,unknown,image or multimodal; inspect dataset card,review_required,review_required,not declared in API response,unknown,terms_acceptance_required,inspect dataset card and repository files,P3,"Hugging Face public-directory candidate discovered by query ""sam"".","Directory tags and license fields are unverified metadata. Review the dataset card, files, upstream rights and personal-data risk before any download.",huggingface-api:sam,2026-09-06T07:19:42+00:00
huggingface:SYliuuuuuu/ROI-1555_Rebar_Detection_and_Instance_Segmentation_Dataset,SYliuuuuuu/ROI-1555_Rebar_Detection_and_Instance_Segmentation_Dataset,Hugging Face Hub,https://huggingface.co/datasets/SYliuuuuuu/ROI-1555_Rebar_Detection_and_Instance_Segmentation_Dataset,unknown,unknown,image or multimodal; inspect dataset card,review_required,review_required,not declared in API response,unknown,terms_acceptance_required,inspect dataset card and repository files,P3,"Hugging Face public-directory candidate discovered by query ""instance segmentation"".","Directory tags and license fields are unverified metadata. Review the dataset card, files, upstream rights and personal-data risk before any download.",huggingface-api:instance segmentation,2026-09-06T07:19:42+00:00
huggingface:Textovic/lions-instance-segmentation,Textovic/lions-instance-segmentation,Hugging Face Hub,https://huggingface.co/datasets/Textovic/lions-instance-segmentation,unknown,unknown,image or multimodal; inspect dataset card,review_required,review_required,not declared in API response,unknown,terms_acceptance_required,inspect dataset card and repository files,P3,"Hugging Face public-directory candidate discovered by query ""instance segmentation"".","Directory tags and license fields are unverified metadata. Review the dataset card, files, upstream rights and personal-data risk before any download.",huggingface-api:instance segmentation,2026-09-06T07:19:42+00:00
huggingface:tferhan/morocco_satellite_buildings_semantic_segmentation_512_v2,tferhan/morocco_satellite_buildings_semantic_segmentation_512_v2,Hugging Face Hub,https://huggingface.co/datasets/tferhan/morocco_satellite_buildings_semantic_segmentation_512_v2,unknown,unknown,image or multimodal; inspect dataset card,review_required,review_required,not declared in API response,unknown,terms_acceptance_required,inspect dataset card and repository files,P3,"Hugging Face public-directory candidate discovered by query ""semantic segmentation"".","Directory tags and license fields are unverified metadata. Review the dataset card, files, upstream rights and personal-data risk before any download.",huggingface-api:semantic segmentation,2026-09-06T07:19:42+00:00
huggingface:ThomasDenoirjean/Semantic_Segmentation_Graptolodiea,ThomasDenoirjean/Semantic_Segmentation_Graptolodiea,Hugging Face Hub,https://huggingface.co/datasets/ThomasDenoirjean/Semantic_Segmentation_Graptolodiea,unknown,unknown,image or multimodal; inspect dataset card,review_required,review_required,not declared in API response,unknown,terms_acceptance_required,inspect dataset card and repository files,P3,"Hugging Face public-directory candidate discovered by query ""semantic segmentation"".","Directory tags and license fields are unverified metadata. Review the dataset card, files, upstream rights and personal-data risk before any download.",huggingface-api:semantic segmentation,2026-09-06T07:19:42+00:00
huggingface:tomrb/yolov8to_data,tomrb/yolov8to_data,Hugging Face Hub,https://huggingface.co/datasets/tomrb/yolov8to_data,unknown,unknown,image or multimodal; inspect dataset card,review_required,review_required,mit,unknown,terms_acceptance_required,inspect dataset card and repository files,P3,"Hugging Face public-directory candidate discovered by query ""yolo"".","Directory tags and license fields are unverified metadata. Review the dataset card, files, upstream rights and personal-data risk before any download.",huggingface-api:yolo,2026-09-06T07:19:42+00:00
huggingface:tsakman23/visual_masked_distracting_metaworld_sam,tsakman23/visual_masked_distracting_metaworld_sam,Hugging Face Hub,https://huggingface.co/datasets/tsakman23/visual_masked_distracting_metaworld_sam,unknown,unknown,image or multimodal; inspect dataset card,review_required,review_required,not declared in API response,unknown,terms_acceptance_required,inspect dataset card and repository files,P3,"Hugging Face public-directory candidate discovered by query ""sam"".","Directory tags and license fields are unverified metadata. Review the dataset card, files, upstream rights and personal-data risk before any download.",huggingface-api:sam,2026-09-06T07:19:42+00:00
huggingface:tsrobcvai/ROI-1555_Rebar_Detection_and_Instance_Segmentation_Dataset,tsrobcvai/ROI-1555_Rebar_Detection_and_Instance_Segmentation_Dataset,Hugging Face Hub,https://huggingface.co/datasets/tsrobcvai/ROI-1555_Rebar_Detection_and_Instance_Segmentation_Dataset,unknown,unknown,image or multimodal; inspect dataset card,review_required,review_required,not declared in API response,unknown,terms_acceptance_required,inspect dataset card and repository files,P3,"Hugging Face public-directory candidate discovered by query ""instance segmentation"".","Directory tags and license fields are unverified metadata. Review the dataset card, files, upstream rights and personal-data risk before any download.",huggingface-api:instance segmentation,2026-09-06T07:19:42+00:00
huggingface:tubasid/toy-car-annotation-YOLO,tubasid/toy-car-annotation-YOLO,Hugging Face Hub,https://huggingface.co/datasets/tubasid/toy-car-annotation-YOLO,image-classification,YOLO (directory tag),image or multimodal; inspect dataset card,native_yolo,review_required,apache-2.0,unknown,terms_acceptance_required,inspect dataset card and repository files,P3,"Hugging Face public-directory candidate discovered by query ""yolo"".","Directory tags and license fields are unverified metadata. Review the dataset card, files, upstream rights and personal-data risk before any download.",huggingface-api:yolo,2026-09-06T07:19:42+00:00
huggingface:UmaDiffusion/ULTIMA-YOLO,UmaDiffusion/ULTIMA-YOLO,Hugging Face Hub,https://huggingface.co/datasets/UmaDiffusion/ULTIMA-YOLO,object-detection,unknown,image or multimodal; inspect dataset card,conversion_required,box_prompt_convertible,other,unknown,terms_acceptance_required,inspect dataset card and repository files,P3,"Hugging Face public-directory candidate discovered by query ""yolo"".","Directory tags and license fields are unverified metadata. Review the dataset card, files, upstream rights and personal-data risk before any download.",huggingface-api:yolo,2026-09-06T07:19:42+00:00
huggingface:varcoder/Semantic_Segmentation_CE,varcoder/Semantic_Segmentation_CE,Hugging Face Hub,https://huggingface.co/datasets/varcoder/Semantic_Segmentation_CE,unknown,unknown,image or multimodal; inspect dataset card,review_required,review_required,not declared in API response,unknown,terms_acceptance_required,inspect dataset card and repository files,P3,"Hugging Face public-directory candidate discovered by query ""semantic segmentation"".","Directory tags and license fields are unverified metadata. Review the dataset card, files, upstream rights and personal-data risk before any download.",huggingface-api:semantic segmentation,2026-09-06T07:19:42+00:00
huggingface:winsnell5590/YOLOV7,winsnell5590/YOLOV7,Hugging Face Hub,https://huggingface.co/datasets/winsnell5590/YOLOV7,unknown,unknown,image or multimodal; inspect dataset card,review_required,review_required,not declared in API response,unknown,terms_acceptance_required,inspect dataset card and repository files,P3,"Hugging Face public-directory candidate discovered by query ""yolo"".","Directory tags and license fields are unverified metadata. Review the dataset card, files, upstream rights and personal-data risk before any download.",huggingface-api:yolo,2026-09-06T07:19:42+00:00
huggingface:WuWenc/tiny_coco,WuWenc/tiny_coco,Hugging Face Hub,https://huggingface.co/datasets/WuWenc/tiny_coco,unknown,unknown,image or multimodal; inspect dataset card,review_required,review_required,apache-2.0,unknown,terms_acceptance_required,inspect dataset card and repository files,P3,"Hugging Face public-directory candidate discovered by query ""coco"".","Directory tags and license fields are unverified metadata. Review the dataset card, files, upstream rights and personal-data risk before any download.",huggingface-api:coco,2026-09-06T07:19:42+00:00
huggingface:wwkiyyx/yolo,wwkiyyx/yolo,Hugging Face Hub,https://huggingface.co/datasets/wwkiyyx/yolo,unknown,unknown,image or multimodal; inspect dataset card,review_required,review_required,mit,unknown,terms_acceptance_required,inspect dataset card and repository files,P3,"Hugging Face public-directory candidate discovered by query ""yolo"".","Directory tags and license fields are unverified metadata. Review the dataset card, files, upstream rights and personal-data risk before any download.",huggingface-api:yolo,2026-09-06T07:19:42+00:00
huggingface:xdeng77/coconut_instance_segmentation,xdeng77/coconut_instance_segmentation,Hugging Face Hub,https://huggingface.co/datasets/xdeng77/coconut_instance_segmentation,unknown,unknown,image or multimodal; inspect dataset card,review_required,review_required,cc-by-4.0,unknown,terms_acceptance_required,inspect dataset card and repository files,P3,"Hugging Face public-directory candidate discovered by query ""instance segmentation"".","Directory tags and license fields are unverified metadata. Review the dataset card, files, upstream rights and personal-data risk before any download.",huggingface-api:instance segmentation,2026-09-06T07:19:42+00:00
huggingface:xpertsystems/oil039-sample,xpertsystems/oil039-sample,Hugging Face Hub,https://huggingface.co/datasets/xpertsystems/oil039-sample,tabular-classification | tabular-regression | time-series-forecasting,unknown,image or multimodal; inspect dataset card,review_required,review_required,cc-by-nc-4.0,unknown,terms_acceptance_required,inspect dataset card and repository files,P3,"Hugging Face public-directory candidate discovered by query ""sam"".","Directory tags and license fields are unverified metadata. Review the dataset card, files, upstream rights and personal-data risk before any download.",huggingface-api:sam,2026-09-06T07:19:42+00:00
huggingface:Xuttt123/mannequin_hand_YOLOv8,Xuttt123/mannequin_hand_YOLOv8,Hugging Face Hub,https://huggingface.co/datasets/Xuttt123/mannequin_hand_YOLOv8,unknown,unknown,image or multimodal; inspect dataset card,review_required,review_required,gpl-3.0,unknown,terms_acceptance_required,inspect dataset card and repository files,P3,"Hugging Face public-directory candidate discovered by query ""yolo"".","Directory tags and license fields are unverified metadata. Review the dataset card, files, upstream rights and personal-data risk before any download.",huggingface-api:yolo,2026-09-06T07:19:42+00:00
huggingface:ybli/yolo-building-instance-segmentation,ybli/yolo-building-instance-segmentation,Hugging Face Hub,https://huggingface.co/datasets/ybli/yolo-building-instance-segmentation,unknown,YOLO (directory tag) | segmentation (directory tag),image or multimodal; inspect dataset card,native_yolo,mask_ready,not declared in API response,unknown,terms_acceptance_required,inspect dataset card and repository files,P3,"Hugging Face public-directory candidate discovered by query ""instance segmentation"".","Directory tags and license fields are unverified metadata. Review the dataset card, files, upstream rights and personal-data risk before any download.",huggingface-api:instance segmentation,2026-09-06T07:19:42+00:00
huggingface:ybli/yolo-edible-fungi-disease-recognition-instance-segmentation,ybli/yolo-edible-fungi-disease-recognition-instance-segmentation,Hugging Face Hub,https://huggingface.co/datasets/ybli/yolo-edible-fungi-disease-recognition-instance-segmentation,unknown,YOLO (directory tag) | segmentation (directory tag),image or multimodal; inspect dataset card,native_yolo,mask_ready,not declared in API response,unknown,terms_acceptance_required,inspect dataset card and repository files,P3,"Hugging Face public-directory candidate discovered by query ""instance segmentation"".","Directory tags and license fields are unverified metadata. Review the dataset card, files, upstream rights and personal-data risk before any download.",huggingface-api:instance segmentation,2026-09-06T07:19:42+00:00
huggingface:ybli/yolo-marine-organism-instance-segmentation,ybli/yolo-marine-organism-instance-segmentation,Hugging Face Hub,https://huggingface.co/datasets/ybli/yolo-marine-organism-instance-segmentation,unknown,YOLO (directory tag) | segmentation (directory tag),image or multimodal; inspect dataset card,native_yolo,mask_ready,not declared in API response,unknown,terms_acceptance_required,inspect dataset card and repository files,P3,"Hugging Face public-directory candidate discovered by query ""instance segmentation"".","Directory tags and license fields are unverified metadata. Review the dataset card, files, upstream rights and personal-data risk before any download.",huggingface-api:instance segmentation,2026-09-06T07:19:42+00:00
huggingface:ybli/yolo-single-tree-segmentation-instance-segmentation,ybli/yolo-single-tree-segmentation-instance-segmentation,Hugging Face Hub,https://huggingface.co/datasets/ybli/yolo-single-tree-segmentation-instance-segmentation,unknown,YOLO (directory tag) | segmentation (directory tag),image or multimodal; inspect dataset card,native_yolo,mask_ready,not declared in API response,unknown,terms_acceptance_required,inspect dataset card and repository files,P3,"Hugging Face public-directory candidate discovered by query ""instance segmentation"".","Directory tags and license fields are unverified metadata. Review the dataset card, files, upstream rights and personal-data risk before any download.",huggingface-api:instance segmentation,2026-09-06T07:19:42+00:00
huggingface:ybli/yolo-various-starfish-instance-segmentation,ybli/yolo-various-starfish-instance-segmentation,Hugging Face Hub,https://huggingface.co/datasets/ybli/yolo-various-starfish-instance-segmentation,unknown,YOLO (directory tag) | segmentation (directory tag),image or multimodal; inspect dataset card,native_yolo,mask_ready,not declared in API response,unknown,terms_acceptance_required,inspect dataset card and repository files,P3,"Hugging Face public-directory candidate discovered by query ""instance segmentation"".","Directory tags and license fields are unverified metadata. Review the dataset card, files, upstream rights and personal-data risk before any download.",huggingface-api:instance segmentation,2026-09-06T07:19:42+00:00
huggingface:ydshieh/coco_dataset_script,ydshieh/coco_dataset_script,Hugging Face Hub,https://huggingface.co/datasets/ydshieh/coco_dataset_script,unknown,unknown,image or multimodal; inspect dataset card,review_required,review_required,not declared in API response,unknown,terms_acceptance_required,inspect dataset card and repository files,P3,"Hugging Face public-directory candidate discovered by query ""coco"".","Directory tags and license fields are unverified metadata. Review the dataset card, files, upstream rights and personal-data risk before any download.",huggingface-api:coco,2026-09-06T07:19:42+00:00
huggingface:yerevann/coco-karpathy,yerevann/coco-karpathy,Hugging Face Hub,https://huggingface.co/datasets/yerevann/coco-karpathy,image-to-text,COCO (directory tag),image or multimodal; inspect dataset card,coco_convertible,box_prompt_convertible,not declared in API response,unknown,terms_acceptance_required,inspect dataset card and repository files,P3,"Hugging Face public-directory candidate discovered by query ""coco"".","Directory tags and license fields are unverified metadata. Review the dataset card, files, upstream rights and personal-data risk before any download.",huggingface-api:coco,2026-09-06T07:19:42+00:00
huggingface:YOLOTOM/Qinshu,YOLOTOM/Qinshu,Hugging Face Hub,https://huggingface.co/datasets/YOLOTOM/Qinshu,unknown,unknown,image or multimodal; inspect dataset card,review_required,review_required,not declared in API response,unknown,terms_acceptance_required,inspect dataset card and repository files,P3,"Hugging Face public-directory candidate discovered by query ""yolo"".","Directory tags and license fields are unverified metadata. Review the dataset card, files, upstream rights and personal-data risk before any download.",huggingface-api:yolo,2026-09-06T07:19:42+00:00
huggingface:Zongrong/Satellite_semantic_segmentation,Zongrong/Satellite_semantic_segmentation,Hugging Face Hub,https://huggingface.co/datasets/Zongrong/Satellite_semantic_segmentation,unknown,unknown,image or multimodal; inspect dataset card,review_required,review_required,not declared in API response,unknown,terms_acceptance_required,inspect dataset card and repository files,P3,"Hugging Face public-directory candidate discovered by query ""semantic segmentation"".","Directory tags and license fields are unverified metadata. Review the dataset card, files, upstream rights and personal-data risk before any download.",huggingface-api:semantic segmentation,2026-09-06T07:19:42+00:00
sa1b:1.0,Segment Anything 1 Billion Masks,Meta AI,https://ai.meta.com/datasets/segment-anything/,promptable segmentation | instance masks,masks | points | boxes,images,not_suitable,mask_ready,SA-1B Research License,research_only,terms_acceptance_required,very large; multi-terabyte scale,P3,"Foundational mask corpus for research planning, not a near-term storage target.",Research-only terms and storage footprint require explicit legal and infrastructure approval.,curated,2026-09-06T07:19:42+00:00
sa-v:2023,Segment Anything Video Dataset,Meta AI,https://ai.meta.com/datasets/segment-anything-video/,video object segmentation | promptable segmentation,video masks | object tracks,video,not_suitable,mask_ready,Research dataset license; review current terms,research_only,terms_acceptance_required,large video corpus,P3,Video-mask research candidate relevant to future streaming segmentation workflows.,Not an automatic YOLO training source; model and dataset terms must be reviewed separately.,curated,2026-09-06T07:19:42+00:00
objects365:v2,Objects365 V2,Objects365,https://www.objects365.org/overview.html,large-vocabulary object detection,bounding boxes,images,conversion_required,box_prompt_convertible,Research dataset terms; verify current release license,research_only,terms_acceptance_required,millions of images,P3,"Large-scale detection research candidate, not a first storage batch.","Storage cost, rights and source-image provenance require a dedicated approval before any subset download.",curated,2026-09-06T07:19:42+00:00
treesatai:2024,TreeSatAI,TreeSatAI,https://github.com/SchultzB/TreeSatAI,forest species classification | remote sensing,image-level labels | geospatial metadata,aerial imagery | satellite imagery,not_suitable,review_required,Check repository and upstream geospatial data licenses,unknown,direct_public,large geospatial archive,P3,"Forestry discovery candidate, useful for landscape classification rather than detection.",Not a direct detection or segmentation import; verify individual source licenses and geospatial constraints.,curated,2026-09-06T07:19:42+00:00
